{
  "index": 5,
  "name": "route_5",
  "time_minutes": 31.92,
  "distance_km": 19.04,
  "coords": [
    [
      48.65878602,
      2.23522776
    ],
    [
      48.65973239,
      2.23475609
    ],
    [
      48.66005210835585,
      2.2356915643585964
    ],
    [
      48.66046336353771,
      2.2363303196877915
    ],
    [
      48.66070092807443,
      2.236459996398541
    ],
    [
      48.660887002224,
      2.2351392262139
    ],
    [
      48.66102135422,
      2.2350553862888
    ],
    [
      48.660907316864,
      2.2348427674463
    ],
    [
      48.660882434935104,
      2.2345525962258046
    ],
    [
      48.66089511841905,
      2.234323738880662
    ],
    [
      48.661061830624575,
      2.2324732393028266
    ],
    [
      48.66107692794378,
      2.23229979441803
    ],
    [
      48.661099237935154,
      2.2320729876721193
    ],
    [
      48.66120076394701,
      2.230850209940567
    ],
    [
      48.661287793632994,
      2.230429142713761
    ],
    [
      48.66161622735748,
      2.229578018282757
    ],
    [
      48.66174047513674,
      2.228314641401672
    ],
    [
      48.66152931913008,
      2.226986072516958
    ],
    [
      48.66104396744688,
      2.2247231505964478
    ],
    [
      48.6609753207931,
      2.2244004543791096
    ],
    [
      48.662706720812174,
      2.2183967909771822
    ],
    [
      48.663440571286465,
      2.216851395793267
    ],
    [
      48.66377246900895,
      2.2162139819664244
    ],
    [
      48.664120732037645,
      2.2156286314257874
    ],
    [
      48.66440930908259,
      2.2155205547509254
    ],
    [
      48.66456148396114,
      2.215179541768391
    ],
    [
      48.664486621223276,
      2.214659750465913
    ],
    [
      48.66466869982186,
      2.2135771440967487
    ],
    [
      48.66484521771217,
      2.213014252963399
    ],
    [
      48.6651847309813,
      2.2118869398158605
    ],
    [
      48.66621753582057,
      2.2085267290824704
    ],
    [
      48.666939669576436,
      2.205115407705479
    ],
    [
      48.667560714190245,
      2.199843747492151
    ],
    [
      48.66769298969046,
      2.19826768942186
    ],
    [
      48.667807237272285,
      2.1973715425139
    ],
    [
      48.6678113950398,
      2.1970523081630975
    ],
    [
      48.66784432705885,
      2.196927028210265
    ],
    [
      48.66856745160063,
      2.1963680951174833
    ],
    [
      48.66937716368255,
      2.195956044156958
    ],
    [
      48.66981279407926,
      2.1957343553054254
    ],
    [
      48.6701132,
      2.19558148
    ],
    [
      48.67029145,
      2.19549527
    ],
    [
      48.67171173107601,
      2.1947917532057772
    ],
    [
      48.67269845947937,
      2.1945864302597258
    ],
    [
      48.67374993427307,
      2.1948661783758823
    ],
    [
      48.673910384144456,
      2.195053553230854
    ],
    [
      48.67407070198052,
      2.1949237299169937
    ],
    [
      48.674093553842866,
      2.1948342171513464
    ],
    [
      48.67403385103526,
      2.194576146841742
    ],
    [
      48.673980852849596,
      2.1939146967505887
    ],
    [
      48.67395170777288,
      2.1933925870155657
    ],
    [
      48.67392099429552,
      2.1920152633970873
    ],
    [
      48.674012727637795,
      2.1916200836338433
    ],
    [
      48.67504726948726,
      2.1898991673736408
    ],
    [
      48.67531757740607,
      2.1898581545963287
    ],
    [
      48.67545012415442,
      2.189695801706692
    ],
    [
      48.67509786048472,
      2.1854624126398337
    ],
    [
      48.67514493756489,
      2.178931953911215
    ],
    [
      48.67475432220812,
      2.171454754873532
    ],
    [
      48.67488444566298,
      2.1704236693866434
    ],
    [
      48.67603583481568,
      2.1672667562965984
    ],
    [
      48.67658896167146,
      2.1672735342170877
    ],
    [
      48.6767006585383,
      2.167381351463859
    ],
    [
      48.67685113264503,
      2.167338963330832
    ],
    [
      48.676897831045395,
      2.1672708555855094
    ],
    [
      48.67690989363454,
      2.1669526163890844
    ],
    [
      48.6768740606414,
      2.1668842145213163
    ],
    [
      48.67678541999289,
      2.165767459058525
    ],
    [
      48.67688713621314,
      2.163812477295626
    ],
    [
      48.67698748056168,
      2.163579707769077
    ],
    [
      48.67822886638222,
      2.1628535119475774
    ],
    [
      48.67905679461539,
      2.162495479386037
    ],
    [
      48.67914363373699,
      2.1625216347175042
    ],
    [
      48.67936361814747,
      2.162583218545229
    ],
    [
      48.679957279675165,
      2.1630920332540895
    ],
    [
      48.681092588948516,
      2.1640349333103703
    ],
    [
      48.681345527961,
      2.1642482517182
    ],
    [
      48.68202134563065,
      2.1647884158001
    ],
    [
      48.68258479147194,
      2.165262736668442
    ],
    [
      48.68265329258284,
      2.16549352173951
    ],
    [
      48.68267720601833,
      2.165646365329571
    ],
    [
      48.68276444032387,
      2.165690903213445
    ],
    [
      48.682832276275235,
      2.1654521638752042
    ],
    [
      48.682952116496814,
      2.1653062417535347
    ],
    [
      48.68301806382676,
      2.165236516459472
    ],
    [
      48.68356673,
      2.16279831
    ],
    [
      48.6836942,
      2.16207369
    ],
    [
      48.6837593,
      2.16148006
    ],
    [
      48.684317049551865,
      2.161408030118866
    ],
    [
      48.68479624,
      2.16094355
    ],
    [
      48.685697056479,
      2.1599984616043
    ],
    [
      48.6903071472439,
      2.1608291598811338
    ],
    [
      48.691567814658,
      2.1609814195824892
    ],
    [
      48.692268623662,
      2.1604992184219
    ],
    [
      48.692400434907,
      2.1604969739535
    ],
    [
      48.692286879443,
      2.1603021840647
    ],
    [
      48.69215599215362,
      2.160040397731552
    ],
    [
      48.69182811,
      2.15942678
    ],
    [
      48.68892072109839,
      2.1550302505495122
    ],
    [
      48.68927149680223,
      2.15437746
    ],
    [
      48.690807313235,
      2.1506339598465
    ],
    [
      48.691936934241,
      2.1517443943786
    ],
    [
      48.692616819306,
      2.1521199036407
    ],
    [
      48.69328727448896,
      2.1495983922090147
    ],
    [
      48.69382243143929,
      2.14759039441803
    ],
    [
      48.69465098,
      2.14809904
    ],
    [
      48.69549166,
      2.14862152
    ],
    [
      48.69616406,
      2.14608483
    ],
    [
      48.696708968920476,
      2.145832679202651
    ],
    [
      48.696992552591,
      2.1447758080013
    ],
    [
      48.69733608,
      2.14348928
    ],
    [
      48.69768441,
      2.14220058
    ],
    [
      48.69782621885852,
      2.1416187613521345
    ],
    [
      48.697834286285705,
      2.1414933219635808
    ],
    [
      48.69814488762,
      2.1396476361966
    ],
    [
      48.698221658691,
      2.1395758650979
    ],
    [
      48.698502851046,
      2.1396364476443
    ],
    [
      48.698566954209,
      2.1397773534256
    ],
    [
      48.698607239224,
      2.1395385674377
    ],
    [
      48.69873512,
      2.13841344
    ],
    [
      48.69928035,
      2.13661637
    ],
    [
      48.70078848948618,
      2.135859713765185
    ],
    [
      48.701165028879,
      2.1356977395062
    ],
    [
      48.70215382999639,
      2.135378018011406
    ],
    [
      48.702336447111286,
      2.1352730705538514
    ],
    [
      48.70239964313268,
      2.1353063168018793
    ],
    [
      48.702428495669096,
      2.1351589002833085
    ],
    [
      48.70255330590737,
      2.132499875808234
    ],
    [
      48.702378072376,
      2.1316520273689
    ],
    [
      48.70258105537104,
      2.1312404393823985
    ],
    [
      48.702831976576434,
      2.1306946098478785
    ],
    [
