{
  "index": 2,
  "name": "route_2",
  "time_minutes": 28.83,
  "distance_km": 22.49,
  "coords": [
    [
      48.65878602,
      2.23522776
    ],
    [
      48.65973239,
      2.23475609
    ],
    [
      48.66005210835585,
      2.2356915643585964
    ],
    [
      48.66046336353771,
      2.2363303196877915
    ],
    [
      48.66070092807443,
      2.236459996398541
    ],
    [
      48.660887002224,
      2.2351392262139
    ],
    [
      48.66102135422,
      2.2350553862888
    ],
    [
      48.66146051,
      2.23555379
    ],
    [
      48.66181667086904,
      2.236030988836059
    ],
    [
      48.661922611392164,
      2.2357677988360596
    ],
    [
      48.66242805018967,
      2.235542622366835
    ],
    [
      48.662760870605496,
      2.2353922301992446
    ],
    [
      48.66306912958233,
      2.2352504134180826
    ],
    [
      48.663190263780876,
      2.235185724322049
    ],
    [
      48.663246933890505,
      2.235158880100856
    ],
    [
      48.66368474474552,
      2.2350903208494572
    ],
    [
      48.66386349249989,
      2.2352457441233495
    ],
    [
      48.667397900518374,
      2.236087684533943
    ],
    [
      48.66803745422975,
      2.2362054110706393
    ],
    [
      48.668200372918825,
      2.236202695518831
    ],
    [
      48.66853678785239,
      2.236289995001086
    ],
    [
      48.66864192538956,
      2.236388613541115
    ],
    [
      48.66871314164695,
      2.2363642112498514
    ],
    [
      48.66874759349012,
      2.236321369715842
    ],
    [
      48.66877784701774,
      2.2361676849326075
    ],
    [
      48.66872047787611,
      2.2360290797639872
    ],
    [
      48.66876064482121,
      2.2357055285779177
    ],
    [
      48.66894474654465,
      2.2348368214205463
    ],
    [
      48.67165032806501,
      2.2264246895184057
    ],
    [
      48.672332512748554,
      2.225176351820677
    ],
    [
      48.67258341537661,
      2.2248973972345905
    ],
    [
      48.67273482604305,
      2.2248090492779182
    ],
    [
      48.67316176933137,
      2.2249103423031613
    ],
    [
      48.67434574863973,
      2.2259518871792965
    ],
    [
      48.67476071551182,
      2.226231842599313
    ],
    [
      48.675233507961025,
      2.2265372207524736
    ],
    [
      48.675381832656655,
      2.2268338271456734
    ],
    [
      48.67549655211987,
      2.2268619118573967
    ],
    [
      48.67567148283973,
      2.2267165852069413
    ],
    [
      48.675709737090095,
      2.2266071838392794
    ],
    [
      48.67610160706708,
      2.2261530352100354
    ],
    [
      48.68026035422368,
      2.22657219962016
    ],
    [
      48.681174839999976,
      2.22766784
    ],
    [
      48.68155985619332,
      2.2284314474385387
    ],
    [
      48.68180209061596,
      2.2289336123181642
    ],
    [
      48.68182155869575,
      2.229219228751588
    ],
    [
      48.682011595946214,
      2.2294415948219632
    ],
    [
      48.68219802616305,
      2.2293988121938617
    ],
    [
      48.68233637566936,
      2.2290978892047124
    ],
    [
      48.68231435875496,
      2.2288636591081725
    ],
    [
      48.682530332446824,
      2.228325980040872
    ],
    [
      48.68376726129543,
      2.2268925334623444
    ],
    [
      48.6841913214678,
      2.226200478395791
    ],
    [
      48.684456276101244,
      2.225792929474377
    ],
    [
      48.68458345844343,
      2.2256886484176217
    ],
    [
      48.68491941201909,
      2.225593803247761
    ],
    [
      48.6855209795776,
      2.2264161714605244
    ],
    [
      48.686401136808755,
      2.2276080864834573
    ],
    [
      48.6879254247194,
      2.2291329420814856
    ],
    [
      48.68916124873774,
      2.2303463275337734
    ],
    [
      48.68934133972648,
      2.2298849821089823
    ],
    [
      48.689709818824,
      2.2290923399057605
    ],
    [
      48.690238864619005,
      2.2279393607668814
    ],
    [
      48.69046606762425,
      2.2275849961918492
    ],
    [
      48.690557113418464,
      2.2273833970729298
    ],
    [
      48.6909639534767,
      2.226030372804239
    ],
    [
      48.691072546137995,
      2.2259023389975825
    ],
    [
      48.69107628199788,
      2.2256112332951874
    ],
    [
      48.69170202043205,
      2.2247377832118453
    ],
    [
      48.692376552151956,
      2.2236937267006813
    ],
    [
      48.69245200336518,
      2.22338440641398
    ],
    [
      48.692507178038944,
      2.223158211667481
    ],
    [
      48.69262341201273,
      2.222723527394325
    ],
    [
      48.69301844546087,
      2.2217985167512717
    ],
    [
      48.69263246618321,
      2.220825341334284
    ],
    [
      48.6922546752567,
      2.2199308260141266
    ],
    [
      48.692296704482146,
      2.219760868135393
    ],
    [
      48.69218414815631,
      2.2197741952491934
    ],
    [
      48.69196181401513,
      2.219414381606242
    ],
    [
      48.69128628683654,
      2.2180679043112477
    ],
    [
      48.69118542694484,
      2.2178646701120033
    ],
    [
      48.69072742429828,
      2.2169417930101027
    ],
    [
      48.69030189896599,
      2.216084365344558
    ],
    [
      48.68993,
      2.215335
    ],
    [
      48.68927458884171,
      2.2140212823830194
    ],
    [
      48.68890745869512,
      2.2129851662530875
    ],
    [
      48.68816199999998,
      2.211105
    ],
    [
      48.6880689602825,
      2.2101116191927597
    ],
    [
      48.68808079434228,
      2.2099240571700345
    ],
    [
      48.68809585246766,
      2.2096853957754083
    ],
    [
      48.68813099441262,
      2.2091284187574085
    ],
    [
      48.68816199999998,
      2.208637
    ],
    [
      48.68823138323185,
      2.2076622185190558
    ],
    [
      48.68832676,
      2.2061679
    ],
    [
      48.68733700000001,
      2.206026
    ],
    [
      48.68687006702712,
      2.2059594227018358
    ],
    [
      48.68634955688921,
      2.205885220985643
    ],
    [
      48.68639980865141,
      2.2050072410470687
    ],
    [
      48.686407999999986,
      2.204832
    ],
    [
      48.68642134312396,
      2.204638687973323
    ],
    [
      48.68645938469263,
      2.204087550436784
    ],
    [
      48.68650660274117,
      2.2034034655819705
    ],
    [
      48.68528435170292,
      2.2010423585896497
    ],
    [
      48.68426241,
      2.20089145
    ],
    [
      48.68435442000002,
      2.199550192327881
    ],
    [
      48.68438436129084,
      2.1991060794257886
    ],
    [
      48.68445765999999,
      2.1979780587171933
    ],
    [
      48.68447355200689,
      2.197721810541008
    ],
    [
      48.68463118842023,
      2.1951800225065297
    ],
    [
      48.68469943,
      2.19406494
    ],
    [
      48.68476671915877,
      2.1929851324367213
    ],
    [
      48.68467204820477,
      2.1910353914950806
    ],
    [
      48.68492541586423,
      2.1903705401344364
    ],
    [
      48.68886255182115,
      2.191164542184294
    ],
    [
      48.69396058875544,
      2.192694373016504
    ],
    [
      48.694558611979794,
      2.1926726208667753
    ],
    [
      48.700172706273555,
      2.1926776718238536
    ],
    [
      48.70076117987442,
      2.192791899874583
    ],
    [
      48.70298386094601,
      2.1931547967459104
    ],
    [
      48.70619397539799,
      2.1919776570777887
    ],
    [
      48.70758084505218,
      2.190562379336245
    ],
    [
      48.70867169386048,
      2.1893840171568772
    ],
    [
      48.715338895615076,
      2.173703119049072
    ],
    [
      48.717196,
      2.171409
    ],
    [
      48.72116396240136,
      2.1688912955325312
    ],
    [
      48.72379383537529,
      2.1674106947746288
    ],
    [
      48.724808325269734,
      2.1668082016593946
    ],
    [
      48.726152948457305,
      2.166240184443543
    ],
    [
      48.726615964651394,
