{
  "index": 0,
  "name": "route_0",
  "time_minutes": 37.45,
  "distance_km": 21.89,
  "coords": [
    [
      48.741613397304015,
      2.0862851629589
    ],
    [
      48.740819884413156,
      2.087030728836059
    ],
    [
      48.74062505,
      2.08709226
    ],
    [
      48.74051744651864,
      2.0870942069217935
    ],
    [
      48.737827633851,
      2.087025498502
    ],
    [
      48.73655593,
      2.08900614
    ],
    [
      48.73637933,
      2.08953874
    ],
    [
      48.73635973593382,
      2.091313086745911
    ],
    [
      48.73648003989107,
      2.0915865957457207
    ],
    [
      48.736796321920195,
      2.092076248980495
    ],
    [
      48.73706307,
      2.09252318
    ],
    [
      48.736946499110665,
      2.092946667042098
    ],
    [
      48.73612187357522,
      2.0947322253018212
    ],
    [
      48.73583110701241,
      2.0951964081505223
    ],
    [
      48.7352604494391,
      2.096367167706617
    ],
    [
      48.73511985570698,
      2.096725705408711
    ],
    [
      48.7348676807871,
      2.0972436689833143
    ],
    [
      48.734479901857,
      2.097652125921
    ],
    [
      48.73367734472203,
      2.0997207475430106
    ],
    [
      48.73303890579663,
      2.1017461302654006
    ],
    [
      48.732870627352064,
      2.102600723504979
    ],
    [
      48.73286735724887,
      2.1036352989686984
    ],
    [
      48.73258716055521,
      2.104736776371732
    ],
    [
      48.73229788432778,
      2.105924629627665
    ],
    [
      48.73197246907862,
      2.107789604351023
    ],
    [
      48.73197768396419,
      2.11079298
    ],
    [
      48.729722521882245,
      2.126369704006917
    ],
    [
      48.72943811215648,
      2.1270370575820468
    ],
    [
      48.729152772222236,
      2.1274734733633465
    ],
    [
      48.72927951436813,
      2.127908401735498
    ],
    [
      48.72932143948191,
      2.128754776268975
    ],
    [
      48.7291084089986,
      2.13073589138515
    ],
    [
      48.7290176500334,
      2.1317702890262358
    ],
    [
      48.7290450028606,
      2.137942959157943
    ],
    [
      48.729081725763166,
      2.1399254871264803
    ],
    [
      48.72926193335153,
      2.1435284989656562
    ],
    [
      48.72947034652613,
      2.144799898903095
    ],
    [
      48.729492151101354,
      2.144920400764476
    ],
    [
      48.729659394687346,
      2.1457982082188676
    ],
    [
      48.730095923266006,
      2.1483325762544467
    ],
    [
      48.73032259362768,
      2.1495817469780056
    ],
    [
      48.730813162682246,
      2.158727940011697
    ],
    [
      48.72989272864478,
      2.1626197926599056
    ],
    [
      48.729852962409176,
      2.1627700547555064
    ],
    [
      48.72980573617754,
      2.162940330016903
    ],
    [
      48.728680000855896,
      2.1647244072061596
    ],
    [
      48.72733943853301,
      2.165373790329408
    ],
    [
      48.72613226,
      2.16586618
    ],
    [
      48.7237811763267,
      2.167145807577974
    ],
    [
      48.72144424,
      2.16845604
    ],
    [
      48.71766199569942,
      2.170706690755547
    ],
    [
      48.716909735756914,
      2.171350157929685
    ],
    [
      48.715212441230946,
      2.1735910257949818
    ],
    [
      48.7121640626207,
      2.1828927191316487
    ],
    [
      48.70720916942983,
      2.1908371233482344
    ],
    [
      48.70296325397458,
      2.193023976686477
    ],
    [
      48.70075738133628,
      2.1926445889549258
    ],
    [
      48.69729503647716,
      2.192217829122864
    ],
    [
      48.69523768898233,
      2.192400917411776
    ],
    [
      48.694657571906546,
      2.1923759697622676
    ],
    [
      48.69324621933027,
      2.189411332723229
    ],
    [
      48.69210060989882,
      2.1813965591855626
    ],
    [
      48.69202732081367,
      2.180751717052608
    ],
    [
      48.69236974433728,
      2.175977202525524
    ],
    [
      48.69243202973495,
      2.175610204855149
    ],
    [
      48.69304072,
      2.16987226
    ],
    [
      48.69291922,
      2.16872362
    ],
    [
      48.692468798062606,
      2.1665936975175866
    ],
    [
      48.69190315,
      2.16509756
    ],
    [
      48.689534740000006,
      2.16186071
    ],
    [
      48.68769286452001,
      2.163212940857546
    ],
    [
      48.68720491097087,
      2.166228683865777
    ],
    [
      48.68702475932233,
      2.167765314732551
    ],
    [
      48.68694822887179,
      2.169081596353385
    ],
    [
      48.686859437573396,
      2.1699813265939474
    ],
    [
      48.68682048895365,
      2.170078728370922
    ],
    [
      48.68564158893063,
      2.1699137544687304
    ],
    [
      48.68456853708912,
      2.169772639080493
    ],
    [
      48.68385700455948,
      2.1696867942809783
    ],
    [
      48.6837487007918,
      2.169674881362374
    ],
    [
      48.68331290455832,
      2.1696097755339716
    ],
    [
      48.68323765633606,
      2.1695983019218668
    ],
    [
      48.68292163546088,
      2.1695500577199494
    ],
    [
      48.68278168092603,
      2.1695321706784756
    ],
    [
      48.682641154857556,
      2.1695117899553
    ],
    [
      48.68257943468439,
      2.1694005384538
    ],
    [
      48.682505921827676,
      2.1694956869527
    ],
    [
      48.68256735517231,
      2.16960518765
    ],
    [
      48.6824958656323,
      2.1709453390331674
    ],
    [
      48.68248258404652,
      2.171170644590493
    ],
    [
      48.68242847890941,
      2.172065995364798
    ],
    [
      48.68224675096097,
      2.172825621042412
    ],
    [
      48.68219703198787,
      2.1729644410278315
    ],
    [
      48.68055016370726,
      2.1739086723266627
    ],
    [
      48.67882901832572,
      2.1746972882271027
    ],
    [
      48.678527855601956,
      2.1748205628736836
    ],
    [
      48.677059806874816,
      2.1750502249761694
    ],
    [
      48.677040028929106,
      2.1749891471114497
    ],
    [
      48.67701231929364,
      2.174932082148831
    ],
    [
      48.67691614943739,
      2.174829136860923
    ],
    [
      48.67668396343387,
      2.1748588827038686
    ],
    [
      48.67657902201756,
      2.1750503512623234
    ],
    [
      48.676572654372876,
      2.1753032492899904
    ],
    [
      48.67626032766018,
      2.175739662298157
    ],
    [
      48.67609345913179,
      2.1758117892741193
    ],
    [
      48.675606672377,
      2.1760225371643
    ],
    [
      48.67442663798456,
      2.177359348759501
    ],
    [
      48.67459858249252,
      2.1798532379436524
    ],
    [
      48.67472925294475,
      2.1816053671456035
    ],
    [
      48.674955474508785,
      2.1851608820196557
    ],
    [
      48.67501389042557,
      2.1860453919562435
    ],
    [
      48.67509810024084,
      2.1873537414042343
    ],
    [
      48.675009984306676,
      2.1897886673367006
    ],
    [
      48.67377709167534,
      2.191407684826637
    ],
    [
      48.673622136384395,
      2.191566845553983
    ],
    [
      48.67362914225471,
      2.1919166195174458
    ],
    [
      48.673711805629914,
      2.192027212728159
    ],
    [
      48.67386089811495,
      2.193404969183899
    ],
    [
      48.6738890194777,
      2.1939153598251617
    ],
    [
      48.67383911053783,
      2.1945396638155295
    ],
    [
      48.67381257568934,
      2.194564401592991
    ],
    [
      48.67269055080429,
      2.1944794835377084
    ],
    [
      48.67171173107601,
      2.1947917532057772
    ],
    [
      48.67029145,
      2.19549527
    ],
    [
      48.6701132,
      2.19558148
    ],
    [
      48.66981279407926,
      2.1957343553054254
    ],
    [
      48.66937716368255,
      2.195956044156958
    ],
    [
      48.66856745160063,
      2.1963680951174833
    ],
    [
      48.66772913100158,
      2.19677817561802
    ],
    [
