{
  "index": 0,
  "name": "route_0",
  "time_minutes": 32.98,
  "distance_km": 21.89,
  "coords": [
    [
      48.741613397304015,
      2.0862851629589
    ],
    [
      48.740819884413156,
      2.087030728836059
    ],
    [
      48.74062505,
      2.08709226
    ],
    [
      48.74051744651864,
      2.0870942069217935
    ],
    [
      48.737827633851,
      2.087025498502
    ],
    [
      48.73655593,
      2.08900614
    ],
    [
      48.73637933,
      2.08953874
    ],
    [
      48.73635973593382,
      2.091313086745911
    ],
    [
      48.73648003989107,
      2.0915865957457207
    ],
    [
      48.736796321920195,
      2.092076248980495
    ],
    [
      48.73706307,
      2.09252318
    ],
    [
      48.736946499110665,
      2.092946667042098
    ],
    [
      48.73612187357522,
      2.0947322253018212
    ],
    [
      48.73583110701241,
      2.0951964081505223
    ],
    [
      48.7352604494391,
      2.096367167706617
    ],
    [
      48.73511985570698,
      2.096725705408711
    ],
    [
      48.7348676807871,
      2.0972436689833143
    ],
    [
      48.734479901857,
      2.097652125921
    ],
    [
      48.73367734472203,
      2.0997207475430106
    ],
    [
      48.73303890579663,
      2.1017461302654006
    ],
    [
      48.732870627352064,
      2.102600723504979
    ],
    [
      48.73286735724887,
      2.1036352989686984
    ],
    [
      48.73258716055521,
      2.104736776371732
    ],
    [
      48.73229788432778,
      2.105924629627665
    ],
    [
      48.73197246907862,
      2.107789604351023
    ],
    [
      48.73197768396419,
      2.11079298
    ],
    [
      48.729722521882245,
      2.126369704006917
    ],
    [
      48.72943811215648,
      2.1270370575820468
    ],
    [
      48.729152772222236,
      2.1274734733633465
    ],
    [
      48.72927951436813,
      2.127908401735498
    ],
    [
      48.72932143948191,
      2.128754776268975
    ],
    [
      48.7291084089986,
      2.13073589138515
    ],
    [
      48.7290176500334,
      2.1317702890262358
    ],
    [
      48.7290450028606,
      2.137942959157943
    ],
    [
      48.729081725763166,
      2.1399254871264803
    ],
    [
      48.72926193335153,
      2.1435284989656562
    ],
    [
      48.72947034652613,
      2.144799898903095
    ],
    [
      48.729492151101354,
      2.144920400764476
    ],
    [
      48.729659394687346,
      2.1457982082188676
    ],
    [
      48.730095923266006,
      2.1483325762544467
    ],
    [
      48.73032259362768,
      2.1495817469780056
    ],
    [
      48.730813162682246,
      2.158727940011697
    ],
    [
      48.73004293710279,
      2.162326277757687
    ],
    [
      48.72987527703762,
      2.1630104746488126
    ],
    [
      48.72961446227466,
      2.1640748180836
    ],
    [
      48.72942647681216,
      2.1648432929900676
    ],
    [
      48.729315076856714,
      2.16534529140934
    ],
    [
      48.72915363454158,
      2.1660783842743494
    ],
    [
      48.72867082493452,
      2.1668891700859856
    ],
    [
      48.728489268969106,
      2.166786367771669
    ],
    [
      48.7282777653082,
      2.166943406548979
    ],
    [
      48.728296723427874,
      2.1674829169546683
    ],
    [
      48.728317369036255,
      2.1688315381228636
    ],
    [
      48.72835018390141,
      2.1702164438964777
    ],
    [
      48.72864183,
      2.17219105
    ],
    [
      48.7287238636863,
      2.1740640950219756
    ],
    [
      48.72878499999999,
      2.17546
    ],
    [
      48.72891546094001,
      2.1774034229521
    ],
    [
      48.728872114412,
      2.1785809127096
    ],
    [
      48.72829683166818,
      2.180880428800495
    ],
    [
      48.72350784533634,
      2.192019842839603
    ],
    [
      48.72290161346563,
      2.193100538518623
    ],
    [
      48.72231607114475,
      2.194318329732777
    ],
    [
      48.71918156768542,
      2.193502145089973
    ],
    [
      48.71770775111866,
      2.1931510370271416
    ],
    [
      48.717554749429695,
      2.1931145879471257
    ],
    [
      48.71564774682931,
      2.192715092490101
    ],
    [
      48.71550822400527,
      2.192819378315077
    ],
    [
      48.715847946553545,
      2.189943712451797
    ],
    [
      48.715879413476394,
      2.1896857468224495
    ],
    [
      48.71601405153716,
      2.1884863589997865
    ],
    [
      48.7161866962878,
      2.1869483938597662
    ],
    [
      48.715253675675235,
      2.1802374702681333
    ],
    [
      48.71518353745078,
      2.180012438022182
    ],
    [
      48.71544444005228,
      2.1778588848370317
    ],
    [
      48.71547259971397,
      2.177493919256
    ],
    [
      48.71629177179105,
      2.174756535599288
    ],
    [
      48.715835507329935,
      2.17449895452888
    ],
    [
      48.71486533937175,
      2.172942979202846
    ],
    [
      48.71486364065403,
      2.1725721053530465
    ],
    [
      48.715212441230946,
      2.1735910257949818
    ],
    [
      48.7121640626207,
      2.1828927191316487
    ],
    [
      48.70720916942983,
      2.1908371233482344
    ],
    [
      48.70296325397458,
      2.193023976686477
    ],
    [
      48.70075738133628,
      2.1926445889549258
    ],
    [
      48.69729503647716,
      2.192217829122864
    ],
    [
      48.69523768898233,
      2.192400917411776
    ],
    [
      48.68783495162151,
      2.1904240907726304
    ],
    [
      48.68277329449455,
      2.189613224608509
    ],
    [
      48.67493666987479,
      2.193496755251974
    ],
    [
      48.67362914225471,
      2.1919166195174458
    ],
    [
      48.673711805629914,
      2.192027212728159
    ],
    [
      48.67386089811495,
      2.193404969183899
    ],
    [
      48.6738890194777,
      2.1939153598251617
    ],
    [
      48.67383911053783,
      2.1945396638155295
    ],
    [
      48.67381257568934,
      2.194564401592991
    ],
    [
      48.67269055080429,
      2.1944794835377084
    ],
    [
      48.67171173107601,
      2.1947917532057772
    ],
    [
      48.67029145,
      2.19549527
    ],
    [
      48.6701132,
      2.19558148
    ],
    [
      48.66981279407926,
      2.1957343553054254
    ],
    [
      48.66937716368255,
      2.195956044156958
    ],
    [
      48.66856745160063,
      2.1963680951174833
    ],
    [
      48.66772913100158,
      2.19677817561802
    ],
    [
      48.667668282733366,
      2.196816213959757
    ],
    [
      48.66763815125843,
      2.196991353956861
    ],
    [
      48.667678004937756,
      2.1970681476079186
    ],
    [
      48.667748593194744,
      2.19735761731925
    ],
    [
      48.66769298969046,
      2.19826768942186
    ],
    [
      48.667560714190245,
      2.199843747492151
    ],
    [
      48.666939669576436,
      2.205115407705479
    ],
    [
      48.66621753582057,
      2.2085267290824704
    ],
    [
      48.6651847309813,
      2.2118869398158605
    ],
    [
      48.66484521771217,
      2.213014252963399
    ],
    [
      48.66466869982186,
      2.2135771440967487
    ],
    [
      48.664179493359484,
      2.2144339855505817
    ],
    [
      48.663959127366006,
      2.2145324775492843
    ],
    [
      48.6638187062395,
      2.2147763809677175
    ],
    [
      48.66386465618175,
      2.2154046076864176
    ],
    [
      48.66377246900895,
      2.2162139819664244
    ],
    [
      48.663440571286465,
      2.216851395793267
    ],
    [
      48.662706720812174,
      2.2183967909771822
    ],
    [
      48.6609753207931,
      2.2244004543791096
    ],
    [
      48.66084786622538,
      2.2247796810748577
    ],
    [
      48.66104396744688,
      2.2247231505964478
    ],
    [
      48.66152931913008,
      2.226986072516958
    ],
    [
      48.66174047513674,
      2.228314641401672
    ],
    [
      48.66161622735748,
      2.229578018282757
    ],
    [
