{
  "index": 0,
  "name": "route_0",
  "time_minutes": 25.5,
  "distance_km": 18.44,
  "coords": [
    [
      48.741613397304015,
      2.0862851629589
    ],
    [
      48.740819884413156,
      2.087030728836059
    ],
    [
      48.74062505,
      2.08709226
    ],
    [
      48.74051744651864,
      2.0870942069217935
    ],
    [
      48.737827633851,
      2.087025498502
    ],
    [
      48.73655593,
      2.08900614
    ],
    [
      48.73637933,
      2.08953874
    ],
    [
      48.73635973593382,
      2.091313086745911
    ],
    [
      48.73648003989107,
      2.0915865957457207
    ],
    [
      48.736796321920195,
      2.092076248980495
    ],
    [
      48.73706307,
      2.09252318
    ],
    [
      48.736946499110665,
      2.092946667042098
    ],
    [
      48.73612187357522,
      2.0947322253018212
    ],
    [
      48.73583110701241,
      2.0951964081505223
    ],
    [
      48.7352604494391,
      2.096367167706617
    ],
    [
      48.73511985570698,
      2.096725705408711
    ],
    [
      48.7348676807871,
      2.0972436689833143
    ],
    [
      48.734479901857,
      2.097652125921
    ],
    [
      48.73367734472203,
      2.0997207475430106
    ],
    [
      48.73303890579663,
      2.1017461302654006
    ],
    [
      48.732870627352064,
      2.102600723504979
    ],
    [
      48.73286735724887,
      2.1036352989686984
    ],
    [
      48.73258716055521,
      2.104736776371732
    ],
    [
      48.73229788432778,
      2.105924629627665
    ],
    [
      48.73197246907862,
      2.107789604351023
    ],
    [
      48.73197768396419,
      2.11079298
    ],
    [
      48.729722521882245,
      2.126369704006917
    ],
    [
      48.72943811215648,
      2.1270370575820468
    ],
    [
      48.729152772222236,
      2.1274734733633465
    ],
    [
      48.72927951436813,
      2.127908401735498
    ],
    [
      48.72932143948191,
      2.128754776268975
    ],
    [
      48.7291084089986,
      2.13073589138515
    ],
    [
      48.7290176500334,
      2.1317702890262358
    ],
    [
      48.7290450028606,
      2.137942959157943
    ],
    [
      48.729081725763166,
      2.1399254871264803
    ],
    [
      48.72926193335153,
      2.1435284989656562
    ],
    [
      48.72947034652613,
      2.144799898903095
    ],
    [
      48.729492151101354,
      2.144920400764476
    ],
    [
      48.729659394687346,
      2.1457982082188676
    ],
    [
      48.730095923266006,
      2.1483325762544467
    ],
    [
      48.73032259362768,
      2.1495817469780056
    ],
    [
      48.730813162682246,
      2.158727940011697
    ],
    [
      48.72989272864478,
      2.1626197926599056
    ],
    [
      48.729852962409176,
      2.1627700547555064
    ],
    [
      48.72980573617754,
      2.162940330016903
    ],
    [
      48.728680000855896,
      2.1647244072061596
    ],
    [
      48.72733943853301,
      2.165373790329408
    ],
    [
      48.72613226,
      2.16586618
    ],
    [
      48.7237811763267,
      2.167145807577974
    ],
    [
      48.72144424,
      2.16845604
    ],
    [
      48.71766199569942,
      2.170706690755547
    ],
    [
      48.716909735756914,
      2.171350157929685
    ],
    [
      48.715212441230946,
      2.1735910257949818
    ],
    [
      48.7121640626207,
      2.1828927191316487
    ],
    [
      48.70720916942983,
      2.1908371233482344
    ],
    [
      48.70296325397458,
      2.193023976686477
    ],
    [
      48.70075738133628,
      2.1926445889549258
    ],
    [
      48.69729503647716,
      2.192217829122864
    ],
    [
      48.69523768898233,
      2.192400917411776
    ],
    [
      48.68783495162151,
      2.1904240907726304
    ],
    [
      48.68277329449455,
      2.189613224608509
    ],
    [
      48.67493666987479,
      2.193496755251974
    ],
    [
      48.67362914225471,
      2.1919166195174458
    ],
    [
      48.673711805629914,
      2.192027212728159
    ],
    [
      48.67386089811495,
      2.193404969183899
    ],
    [
      48.6738890194777,
      2.1939153598251617
    ],
    [
      48.67383911053783,
      2.1945396638155295
    ],
    [
      48.67381257568934,
      2.194564401592991
    ],
    [
      48.67269055080429,
      2.1944794835377084
    ],
    [
      48.67171173107601,
      2.1947917532057772
    ],
    [
      48.67029145,
      2.19549527
    ],
    [
      48.6701132,
      2.19558148
    ],
    [
      48.66981279407926,
      2.1957343553054254
    ],
    [
      48.66937716368255,
      2.195956044156958
    ],
    [
      48.66856745160063,
      2.1963680951174833
    ],
    [
      48.66772913100158,
      2.19677817561802
    ],
    [
      48.667668282733366,
      2.196816213959757
    ],
    [
      48.66763815125843,
      2.196991353956861
    ],
    [
      48.667678004937756,
      2.1970681476079186
    ],
    [
      48.667748593194744,
      2.19735761731925
    ],
    [
      48.66769298969046,
      2.19826768942186
    ],
    [
      48.667560714190245,
      2.199843747492151
    ],
    [
      48.666939669576436,
      2.205115407705479
    ],
    [
      48.66621753582057,
      2.2085267290824704
    ],
    [
      48.6651847309813,
      2.2118869398158605
    ],
    [
      48.66484521771217,
      2.213014252963399
    ],
    [
      48.66466869982186,
      2.2135771440967487
    ],
    [
      48.664179493359484,
      2.2144339855505817
    ],
    [
      48.663959127366006,
      2.2145324775492843
    ],
    [
      48.6638187062395,
      2.2147763809677175
    ],
    [
      48.66386465618175,
      2.2154046076864176
    ],
    [
      48.66377246900895,
      2.2162139819664244
    ],
    [
      48.663440571286465,
      2.216851395793267
    ],
    [
      48.662706720812174,
      2.2183967909771822
    ],
    [
      48.6609753207931,
      2.2244004543791096
    ],
    [
      48.66084786622538,
      2.2247796810748577
    ],
    [
      48.66104396744688,
      2.2247231505964478
    ],
    [
      48.66152931913008,
      2.226986072516958
    ],
    [
      48.66174047513674,
      2.228314641401672
    ],
    [
      48.66161622735748,
      2.229578018282757
    ],
    [
      48.661287793632994,
      2.230429142713761
    ],
    [
      48.66120076394701,
      2.230850209940567
    ],
    [
      48.661099237935154,
      2.2320729876721193
    ],
    [
      48.66107692794378,
      2.23229979441803
    ],
    [
      48.661061830624575,
      2.2324732393028266
    ],
    [
      48.66089511841905,
      2.234323738880662
    ],
    [
      48.660882434935104,
      2.2345525962258046
    ],
    [
      48.660907316864,
      2.2348427674463
    ],
    [
      48.660887002224,
      2.2351392262139
    ],
    [
      48.66070092807443,
      2.236459996398541
    ],
    [
      48.66046336353771,
      2.2363303196877915
    ],
    [
      48.66005210835585,
      2.2356915643585964
    ],
    [
      48.65973239,
      2.23475609
    ],
    [
      48.65878602,
      2.23522776
    ]
  ]
}