{
  "index": 5,
  "name": "route_5",
  "time_minutes": 45.92,
  "distance_km": 44.69,
  "coords": [
    [
      48.65878602,
      2.23522776
    ],
    [
      48.65973239,
      2.23475609
    ],
    [
      48.66005210835585,
      2.2356915643585964
    ],
    [
      48.66046336353771,
      2.2363303196877915
    ],
    [
      48.66070092807443,
      2.236459996398541
    ],
    [
      48.660538380667425,
      2.2381543648415336
    ],
    [
      48.66051447381881,
      2.2383634440316156
    ],
    [
      48.66043378669458,
      2.2393667383612628
    ],
    [
      48.66042517,
      2.23951263
    ],
    [
      48.66063080429714,
      2.2404704368400044
    ],
    [
      48.66048871330332,
      2.242199145819703
    ],
    [
      48.66092779873077,
      2.242650324477463
    ],
    [
      48.66113947,
      2.24418756
    ],
    [
      48.66119539189484,
      2.2447719863039817
    ],
    [
      48.661156556938806,
      2.244934918717733
    ],
    [
      48.6612372888331,
      2.245045337686003
    ],
    [
      48.663808166921,
      2.249916091561
    ],
    [
      48.663817024595,
      2.2502138167617
    ],
    [
      48.66364432,
      2.25088458
    ],
    [
      48.66251705795111,
      2.2555526517227853
    ],
    [
      48.6624842095513,
      2.2557645647907947
    ],
    [
      48.66222003406181,
      2.2575062580411935
    ],
    [
      48.66216413,
      2.25787673
    ],
    [
      48.65892332266739,
      2.2588072568179207
    ],
    [
      48.65875352628853,
      2.259125914392996
    ],
    [
      48.65870053238636,
      2.259191240074053
    ],
    [
      48.6587091835998,
      2.259289027459029
    ],
    [
      48.65757902,
      2.26213379
    ],
    [
      48.65871933,
      2.26327762
    ],
    [
      48.65944827557398,
      2.2638654474898914
    ],
    [
      48.65953063543096,
      2.263931863666028
    ],
    [
      48.659837486266476,
      2.264159274796612
    ],
    [
      48.66056720596603,
      2.2658773913044374
    ],
    [
      48.66064005488626,
      2.266255250063699
    ],
    [
      48.66081521029043,
      2.267205712636366
    ],
    [
      48.660813255257615,
      2.267430894077173
    ],
    [
      48.660811926527,
      2.2679670006041
    ],
    [
      48.660893421911744,
      2.2680400907991474
    ],
    [
      48.660881250591096,
      2.2689172929779664
    ],
    [
      48.66093136917988,
      2.2690865783736083
    ],
    [
      48.661077616878615,
      2.2694794611639395
    ],
    [
      48.661243713843774,
      2.269903129744909
    ],
    [
      48.661256730973705,
      2.2699564203863334
    ],
    [
      48.66123268468242,
      2.2701170801985864
    ],
    [
      48.66117617373403,
      2.2704004991717635
    ],
    [
      48.66062115405906,
      2.2727547911045076
    ],
    [
      48.66039218,
      2.27472494
    ],
    [
      48.66032772842841,
      2.2757767245419074
    ],
    [
      48.66031434,
      2.27599521
    ],
    [
      48.66042739,
      2.27615729
    ],
    [
      48.66086013486009,
      2.2763242350131527
    ],
    [
      48.66364776689638,
      2.2773996865717745
    ],
    [
      48.66409725,
      2.2775731
    ],
    [
      48.66481256762949,
      2.277852188734206
    ],
    [
      48.6662386407513,
      2.2784024485428387
    ],
    [
      48.667262726377814,
      2.2787976084059465
    ],
    [
      48.66858077758596,
      2.279306211422361
    ],
    [
      48.66881515878183,
      2.2793966546606046
    ],
    [
      48.66961044875785,
      2.27970702176711
    ],
    [
      48.6700712951412,
      2.2798837555819707
    ],
    [
      48.67041698635219,
      2.280018615035982
    ],
    [
      48.671463060382436,
      2.280426631807613
    ],
    [
      48.672476570568094,
      2.2808253654136634
    ],
    [
      48.67447654666986,
      2.2815976904473687
    ],
    [
      48.68253433858872,
      2.284719186334549
    ],
    [
      48.683284741956165,
      2.285016911535242
    ],
    [
      48.68343502922888,
      2.2850763250639106
    ],
    [
      48.686072989590265,
      2.2860815788554363
    ],
    [
      48.68973961676348,
      2.2862523177909857
    ],
    [
      48.695581792489634,
      2.285754684536896
    ],
    [
      48.70507411975352,
      2.287167040595475
    ],
    [
      48.71299837984726,
      2.2966922830732854
    ],
    [
      48.71319242866058,
      2.29692847237732
    ],
    [
      48.71437600747013,
      2.2980549231421885
    ],
    [
      48.71454370363075,
      2.298174664596329
    ],
    [
      48.71473389401971,
      2.2982340019032117
    ],
    [
      48.71519597572248,
      2.298378167240374
    ],
    [
      48.714803230400484,
      2.299217062179201
    ],
    [
      48.713502744172374,
      2.301405772567298
    ],
    [
      48.71310087294554,
      2.3027874980423872
    ],
    [
      48.71272367276464,
      2.305113337378212
    ],
    [
      48.7124774169285,
      2.3061438323031616
    ],
    [
      48.712011000000004,
      2.308634
    ],
    [
      48.71197918124397,
      2.3092485816132
    ],
    [
      48.71175603973375,
      2.3098144737006
    ],
    [
      48.711219171125556,
      2.310478282259941
    ],
    [
      48.70968301613696,
      2.3112200850591202
    ],
    [
      48.70868898465009,
      2.3109817514740256
    ],
    [
      48.70827071241,
      2.310285507224
    ],
    [
      48.708272214315,
      2.3101205463573
    ],
    [
      48.70839157936261,
      2.309746205807119
    ],
    [
      48.70882395,
      2.30900121
    ],
    [
      48.70979765,
      2.30742326
    ],
    [
      48.7101071295868,
      2.3058284070083648
    ],
    [
      48.71031569682416,
      2.302924841708416
    ],
    [
      48.71228105830291,
      2.287899722565975
    ],
    [
      48.71314102225584,
      2.2811779520454425
    ],
    [
      48.71444199107631,
      2.2733628923049034
    ],
    [
      48.71513511811847,
      2.270403146703506
    ],
    [
      48.718316078256585,
      2.260333855753643
    ],
    [
      48.71922769876142,
      2.257915079145602
    ],
    [
      48.71987684338325,
      2.2563223625101863
    ],
    [
      48.72175385945443,
      2.250894889153708
    ],
    [
      48.72204378228232,
      2.2500532093006207
    ],
    [
      48.722708958612536,
      2.2485113096502136
    ],
    [
      48.723742690618224,
      2.246506121668264
    ],
    [
      48.727008067502005,
      2.2442947450456487
    ],
    [
      48.727478382848126,
      2.2440209686757506
    ],
    [
      48.72887282852731,
      2.2434031297564756
    ],
    [
      48.729601313831765,
      2.242850025522537
    ],
    [
      48.730787155410255,
      2.2410884104754647
    ],
    [
      48.73171985697446,
      2.237447154916704
    ],
    [
      48.73316213951135,
      2.233455119003486
    ],
    [
      48.73454972511748,
      2.2312745125408933
    ],
    [
      48.738530680129315,
      2.226223006993971
    ],
    [
      48.73904947,
      2.22581558
    ],
    [
      48.74016276312397,
      2.2250330627383135
    ],
    [
      48.74168842825116,
      2.2241554427836046
    ],
    [
      48.74496042042838,
      2.221743245018477
    ],
    [
      48.74639976245657,
      2.219853694513385
    ],
    [
      48.747115235465664,
      2.2197595526424023
    ],
    [
      48.7476143095813,
      2.2192593021495814
    ],
    [
      48.75004703,
      2.22142227
    ],
    [
      48.76811293231511,
      2.2300525646557623
    ],
    [
      48.7735116077133,
      2.2243731986857482
    ],
    [
      48.775549978566886,
      2.2226872410450746
    ],
    [
      48.777060750754025,
      2.222471850576265
    ],
    [
      48.77781174018669,
      2.2225503650904064
    ],
    [
      48.778100439264996,
      2.2226279181654034
    ],
    [
      48.77766196050696,
      2.222793623789422
    ],
