{
  "index": 2,
  "name": "route_2",
  "time_minutes": 36.22,
  "distance_km": 28.94,
  "coords": [
    [
      48.65878602,
      2.23522776
    ],
    [
      48.65973239,
      2.23475609
    ],
    [
      48.66005210835585,
      2.2356915643585964
    ],
    [
      48.66046336353771,
      2.2363303196877915
    ],
    [
      48.66070092807443,
      2.236459996398541
    ],
    [
      48.660887002224,
      2.2351392262139
    ],
    [
      48.66102135422,
      2.2350553862888
    ],
    [
      48.660907316864,
      2.2348427674463
    ],
    [
      48.660882434935104,
      2.2345525962258046
    ],
    [
      48.66089511841905,
      2.234323738880662
    ],
    [
      48.661061830624575,
      2.2324732393028266
    ],
    [
      48.66107692794378,
      2.23229979441803
    ],
    [
      48.661099237935154,
      2.2320729876721193
    ],
    [
      48.66120076394701,
      2.230850209940567
    ],
    [
      48.661287793632994,
      2.230429142713761
    ],
    [
      48.66161622735748,
      2.229578018282757
    ],
    [
      48.66174047513674,
      2.228314641401672
    ],
    [
      48.66152931913008,
      2.226986072516958
    ],
    [
      48.66104396744688,
      2.2247231505964478
    ],
    [
      48.6609753207931,
      2.2244004543791096
    ],
    [
      48.662706720812174,
      2.2183967909771822
    ],
    [
      48.663440571286465,
      2.216851395793267
    ],
    [
      48.66377246900895,
      2.2162139819664244
    ],
    [
      48.664120732037645,
      2.2156286314257874
    ],
    [
      48.66440930908259,
      2.2155205547509254
    ],
    [
      48.66456148396114,
      2.215179541768391
    ],
    [
      48.664486621223276,
      2.214659750465913
    ],
    [
      48.66466869982186,
      2.2135771440967487
    ],
    [
      48.66484521771217,
      2.213014252963399
    ],
    [
      48.6651847309813,
      2.2118869398158605
    ],
    [
      48.66621753582057,
      2.2085267290824704
    ],
    [
      48.666939669576436,
      2.205115407705479
    ],
    [
      48.667560714190245,
      2.199843747492151
    ],
    [
      48.66769298969046,
      2.19826768942186
    ],
    [
      48.667807237272285,
      2.1973715425139
    ],
    [
      48.6678113950398,
      2.1970523081630975
    ],
    [
      48.66784432705885,
      2.196927028210265
    ],
    [
      48.66856745160063,
      2.1963680951174833
    ],
    [
      48.66937716368255,
      2.195956044156958
    ],
    [
      48.66981279407926,
      2.1957343553054254
    ],
    [
      48.6701132,
      2.19558148
    ],
    [
      48.67029145,
      2.19549527
    ],
    [
      48.67171173107601,
      2.1947917532057772
    ],
    [
      48.67269845947937,
      2.1945864302597258
    ],
    [
      48.67374993427307,
      2.1948661783758823
    ],
    [
      48.673910384144456,
      2.195053553230854
    ],
    [
      48.67407070198052,
      2.1949237299169937
    ],
    [
      48.674093553842866,
      2.1948342171513464
    ],
    [
      48.67631029917075,
      2.1934040489594917
    ],
    [
      48.67794711704833,
      2.19272211217497
    ],
    [
      48.680346029524145,
      2.1909635481490133
    ],
    [
      48.68886255182115,
      2.191164542184294
    ],
    [
      48.69396058875544,
      2.192694373016504
    ],
    [
      48.694558611979794,
      2.1926726208667753
    ],
    [
      48.700172706273555,
      2.1926776718238536
    ],
    [
      48.70076117987442,
      2.192791899874583
    ],
    [
      48.70298386094601,
      2.1931547967459104
    ],
    [
      48.70619397539799,
      2.1919776570777887
    ],
    [
      48.70758084505218,
      2.190562379336245
    ],
    [
      48.70867169386048,
      2.1893840171568772
    ],
    [
      48.715338895615076,
      2.173703119049072
    ],
    [
      48.717196,
      2.171409
    ],
    [
      48.72116396240136,
      2.1688912955325312
    ],
    [
      48.72379383537529,
      2.1674106947746288
    ],
    [
      48.724808325269734,
      2.1668082016593946
    ],
    [
      48.726152948457305,
      2.166240184443543
    ],
    [
      48.726615964651394,
      2.1660836360516833
    ],
    [
      48.7282777653082,
      2.166943406548979
    ],
    [
      48.728296723427874,
      2.1674829169546683
    ],
    [
      48.728534389839645,
      2.1676037384809694
    ],
    [
      48.72876231476918,
      2.1672297574240234
    ],
    [
      48.72917854031889,
      2.1662807931970427
    ],
    [
      48.72923091315962,
      2.166067597438647
    ],
    [
      48.7293905853831,
      2.165343299859613
    ],
    [
      48.72954111627977,
      2.164719219023358
    ],
    [
      48.73008172310268,
      2.162903551475028
    ],
    [
      48.73083792962626,
      2.163222146815072
    ],
    [
      48.731163815831785,
      2.1633573951265297
    ],
    [
      48.73146478207378,
      2.1634823020083878
    ],
    [
      48.73184294191,
      2.1636148952546
    ],
    [
      48.73374650294529,
      2.1638522707523666
    ],
    [
      48.73464563851899,
      2.1641612552294
    ],
    [
      48.73473111408324,
      2.1642969444460385
    ],
    [
      48.734894488146,
      2.1643304112476
    ],
    [
      48.73501536833599,
      2.1642019104363
    ],
    [
      48.7356926134197,
      2.164112635588788
    ],
    [
      48.736443187608224,
      2.164136528177106
    ],
    [
      48.737810502133215,
      2.1643005017069905
    ],
    [
      48.74496067,
      2.16507352
    ],
    [
      48.74626233811472,
      2.16521463257511
    ],
    [
      48.74778441647024,
      2.165379450853726
    ],
    [
      48.74863812000002,
      2.16545999
    ],
    [
      48.7490285561528,
      2.1655411372913336
    ],
    [
      48.75008608258321,
      2.1662318890277366
    ],
    [
      48.75010992988632,
      2.1663131285289365
    ],
    [
      48.75030630810189,
      2.166465453676651
    ],
    [
      48.75037176607287,
      2.1664408240504733
    ],
    [
      48.751017511268664,
      2.167002820203745
    ],
    [
      48.75114717722489,
      2.167130649574193
    ],
    [
      48.75184919248504,
      2.167800605089241
    ],
    [
      48.754016198613904,
      2.1697801279576985
    ],
    [
      48.75419174314925,
      2.1699988124780636
    ],
    [
      48.755220781675,
      2.170987861059418
    ],
    [
      48.75528611785098,
      2.1711625981059224
    ],
    [
      48.75542551999102,
      2.171170352046501
    ],
    [
      48.75704286752581,
      2.172625258343381
    ],
    [
      48.75750946278291,
      2.1730683373224116
    ],
    [
      48.757634304470606,
      2.1731780414340545
    ],
    [
      48.7585535430906,
      2.1744223532540894
    ],
    [
      48.76082847061147,
      2.1751087873749535
    ],
    [
      48.76097227493862,
      2.1744016767459104
    ],
    [
      48.76116288382084,
      2.172735686998325
    ],
    [
      48.76137246328064,
      2.171709102149582
    ],
    [
      48.76177314577007,
      2.170957746829044
    ],
    [
      48.76215737,
      2.1697485
    ],
    [
      48.76227039128676,
      2.1693859115364447
    ],
    [
      48.762346290617494,
      2.1691424151628027
    ],
    [
      48.76281964991383,
      2.167673772981644
    ],
    [
      48.76368375632313,
      2.166696602126855
    ],
    [
      48.764061275103295,
      2.1624471676918744
    ],
    [
      48.764107530889994,
      2.1618416853592786
    ],
    [
      48.76426066487645,
      2.1614161526006677
    ],
    [
      48.764338910199506,
      2.161390234243875
    ],
    [
      48.76437947189804,
      2.161256623906583
    ],
    [
      48.764363840665936,
      2.1611889352559492
    ],
    [
      48.76425481921572,
      2.1611274085265135
    ],
    [
      48.76411800000002,
      2.160929
    ],
    [
      48.76378097183655,
      2.158318812994156
    ],
    [
