{
  "index": 5,
  "name": "route_5",
  "time_minutes": 43.98,
  "distance_km": 40.11,
  "coords": [
    [
      48.65878602,
      2.23522776
    ],
    [
      48.65973239,
      2.23475609
    ],
    [
      48.66005210835585,
      2.2356915643585964
    ],
    [
      48.66046336353771,
      2.2363303196877915
    ],
    [
      48.66070092807443,
      2.236459996398541
    ],
    [
      48.660887002224,
      2.2351392262139
    ],
    [
      48.66102135422,
      2.2350553862888
    ],
    [
      48.66146051,
      2.23555379
    ],
    [
      48.66181667086904,
      2.236030988836059
    ],
    [
      48.661922611392164,
      2.2357677988360596
    ],
    [
      48.66242805018967,
      2.235542622366835
    ],
    [
      48.662760870605496,
      2.2353922301992446
    ],
    [
      48.66306912958233,
      2.2352504134180826
    ],
    [
      48.663190263780876,
      2.235185724322049
    ],
    [
      48.663246933890505,
      2.235158880100856
    ],
    [
      48.66368474474552,
      2.2350903208494572
    ],
    [
      48.66386349249989,
      2.2352457441233495
    ],
    [
      48.667397900518374,
      2.236087684533943
    ],
    [
      48.66803745422975,
      2.2362054110706393
    ],
    [
      48.668200372918825,
      2.236202695518831
    ],
    [
      48.66853678785239,
      2.236289995001086
    ],
    [
      48.66864192538956,
      2.236388613541115
    ],
    [
      48.66871314164695,
      2.2363642112498514
    ],
    [
      48.66874759349012,
      2.236321369715842
    ],
    [
      48.66877784701774,
      2.2361676849326075
    ],
    [
      48.66872047787611,
      2.2360290797639872
    ],
    [
      48.66876064482121,
      2.2357055285779177
    ],
    [
      48.66995420172187,
      2.230609444544209
    ],
    [
      48.67165032806501,
      2.2264246895184057
    ],
    [
      48.672332512748554,
      2.225176351820677
    ],
    [
      48.67258341537661,
      2.2248973972345905
    ],
    [
      48.67273482604305,
      2.2248090492779182
    ],
    [
      48.67316176933137,
      2.2249103423031613
    ],
    [
      48.67434574863973,
      2.2259518871792965
    ],
    [
      48.67476071551182,
      2.226231842599313
    ],
    [
      48.675233507961025,
      2.2265372207524736
    ],
    [
      48.675381832656655,
      2.2268338271456734
    ],
    [
      48.67549655211987,
      2.2268619118573967
    ],
    [
      48.67567148283973,
      2.2267165852069413
    ],
    [
      48.675709737090095,
      2.2266071838392794
    ],
    [
      48.67610160706708,
      2.2261530352100354
    ],
    [
      48.68026035422368,
      2.22657219962016
    ],
    [
      48.681174839999976,
      2.22766784
    ],
    [
      48.68155985619332,
      2.2284314474385387
    ],
    [
      48.68180209061596,
      2.2289336123181642
    ],
    [
      48.68182155869575,
      2.229219228751588
    ],
    [
      48.682011595946214,
      2.2294415948219632
    ],
    [
      48.68219802616305,
      2.2293988121938617
    ],
    [
      48.68233637566936,
      2.2290978892047124
    ],
    [
      48.68231435875496,
      2.2288636591081725
    ],
    [
      48.682530332446824,
      2.228325980040872
    ],
    [
      48.68376726129543,
      2.2268925334623444
    ],
    [
      48.6841913214678,
      2.226200478395791
    ],
    [
      48.684456276101244,
      2.225792929474377
    ],
    [
      48.68458345844343,
      2.2256886484176217
    ],
    [
      48.68459567909641,
      2.225343560759473
    ],
    [
      48.68448534412998,
      2.225222530885198
    ],
    [
      48.68427140897452,
      2.22458366307579
    ],
    [
      48.684293180976596,
      2.2240351218173706
    ],
    [
      48.68478588716943,
      2.2226676986595004
    ],
    [
      48.68538338653715,
      2.220687584317296
    ],
    [
      48.685456881535686,
      2.2193116556305355
    ],
    [
      48.68548423189776,
      2.2177344957745273
    ],
    [
      48.685610478871205,
      2.217575467169006
    ],
    [
      48.685526570350035,
      2.2170415513930495
    ],
    [
      48.68550364496629,
      2.2163440432222155
    ],
    [
      48.68702893651517,
      2.216697633853355
    ],
    [
      48.68908305258588,
      2.219874593372955
    ],
    [
      48.69062026897868,
      2.222765938772288
    ],
    [
      48.696470932429385,
      2.237519524344022
    ],
    [
      48.706054242926996,
      2.2502039080734235
    ],
    [
      48.710412565088205,
      2.251926936924534
    ],
    [
      48.71487165548789,
      2.253795380728101
    ],
    [
      48.717990724380094,
      2.25461613668674
    ],
    [
      48.71979915071238,
      2.2552323929556177
    ],
    [
      48.720340799721235,
      2.2555692184741054
    ],
    [
      48.72147849488226,
      2.256479573191877
    ],
    [
      48.72165549386506,
      2.256581806349069
    ],
    [
      48.72290529092115,
      2.2578724871025093
    ],
    [
      48.72282454,
      2.25861003
    ],
    [
      48.72353248381974,
      2.259163346955288
    ],
    [
      48.724203764727505,
      2.2600145403671874
    ],
    [
      48.724841171641,
      2.2607656866317
    ],
    [
      48.72516375120616,
      2.261179380481644
    ],
    [
      48.72589590690677,
      2.2623550559694667
    ],
    [
      48.72604984438256,
      2.2625484837696583
    ],
    [
      48.72614086421678,
      2.262662853640231
    ],
    [
      48.7270705043854,
      2.263830993591873
    ],
    [
      48.727179998846445,
      2.2639615990542796
    ],
    [
      48.72800167954251,
      2.26502086852104
    ],
    [
      48.728641337668286,
      2.266075600762651
    ],
    [
      48.729271608092,
      2.2676684260368
    ],
    [
      48.72959300000001,
      2.268586
    ],
    [
      48.72964572962748,
      2.268755960576438
    ],
    [
      48.72973106091643,
      2.269007206932008
    ],
    [
      48.72978159822523,
      2.2691657971195585
    ],
    [
      48.729672583274976,
      2.2694858424229944
    ],
    [
      48.7297524930888,
      2.2696679603921432
    ],
    [
      48.72995290837793,
      2.269679925226014
    ],
    [
      48.73001991715179,
      2.26988051717262
    ],
    [
      48.73016278224048,
      2.270320468698692
    ],
    [
      48.730199684412284,
      2.2704546447228235
    ],
    [
      48.730274529627174,
      2.270784543829047
    ],
    [
      48.73038117668266,
      2.271471872209681
    ],
    [
      48.73039339748804,
      2.2719313855413
    ],
    [
      48.73038581544457,
      2.2721445853665787
    ],
    [
      48.730881584182,
      2.2719797741686
    ],
    [
      48.7318198828767,
      2.271642637565117
    ],
    [
      48.73310426109823,
      2.2714121623513455
    ],
    [
      48.733620891339136,
      2.2713920180919343
    ],
    [
      48.73492154631468,
      2.2708535970733235
    ],
    [
      48.73536717,
      2.27107693
    ],
    [
      48.73709601947532,
      2.2722680220901483
    ],
    [
      48.73751082946001,
      2.2725939782276
    ],
    [
      48.73759520776999,
      2.272681725274
    ],
    [
      48.73770447928201,
      2.2727006264809
    ],
    [
      48.73806802,
      2.27287538
    ],
    [
      48.738383063579505,
      2.2746130760912293
    ],
    [
      48.73845459203999,
      2.2752614979833
    ],
    [
      48.73842951636101,
      2.2752952286121
    ],
    [
      48.738417694216004,
      2.2753799733939
    ],
    [
      48.73846556144098,
      2.2754628798319
    ],
    [
      48.738542254890014,
      2.2754335076801
    ],
    [
      48.738559839029,
      2.2753341343793
    ],
    [
      48.739907373720044,
      2.275518916983643
    ],
    [
      48.74050425143596,
      2.2759478142904643
    ],
    [
      48.7446774997924,
      2.281972807976679
    ],
    [
      48.74474469780955,
      2.2820728540012283
    ],
    [
