{
  "index": 2,
  "name": "route_2",
  "time_minutes": 45.98,
  "distance_km": 39.55,
  "coords": [
    [
      48.74104441582053,
      2.092714179124551
    ],
    [
      48.74206991904457,
      2.0933062784347993
    ],
    [
      48.74043255405171,
      2.0965547447831856
    ],
    [
      48.74025995878152,
      2.0965198476249154
    ],
    [
      48.7400934625438,
      2.096705765054186
    ],
    [
      48.740063706462045,
      2.0968319966121967
    ],
    [
      48.74015417317791,
      2.0971964614128935
    ],
    [
      48.74036286551572,
      2.09727582841698
    ],
    [
      48.74053191707161,
      2.097097922531831
    ],
    [
      48.740569109913054,
      2.096906611508046
    ],
    [
      48.742214958990594,
      2.0933921091232315
    ],
    [
      48.74540915005917,
      2.0827644258176217
    ],
    [
      48.74554977740604,
      2.082326776122523
    ],
    [
      48.749606140852556,
      2.0707407426646265
    ],
    [
      48.75082383694667,
      2.0677152384529824
    ],
    [
      48.75092088887361,
      2.06769795286025
    ],
    [
      48.751021420734425,
      2.0676257725420792
    ],
    [
      48.753786315897045,
      2.069561887119221
    ],
    [
      48.75574839528111,
      2.0711456199492915
    ],
    [
      48.75588583090495,
      2.0715703854774095
    ],
    [
      48.75607453393911,
      2.0716183019219843
    ],
    [
      48.75615525329676,
      2.0715736198881705
    ],
    [
      48.756291306676495,
      2.0710957914391064
    ],
    [
      48.75625060640036,
      2.070963260377862
    ],
    [
      48.75617123016501,
      2.0705223745279513
    ],
    [
      48.756468396829355,
      2.069368230838105
    ],
    [
      48.75666301752229,
      2.068604474928635
    ],
    [
      48.757042895226,
      2.0671137007684
    ],
    [
      48.757173970710134,
      2.066670992267111
    ],
    [
      48.75838724854114,
      2.065344847000327
    ],
    [
      48.759470068909,
      2.0657603495961
    ],
    [
      48.76096644693643,
      2.0667963755378147
    ],
    [
      48.76145536205007,
      2.067305275651471
    ],
    [
      48.76132140872336,
      2.0677650073756846
    ],
    [
      48.761014958648474,
      2.069299233044907
    ],
    [
      48.76102081776316,
      2.0695402275131167
    ],
    [
      48.76115214854503,
      2.0707326839205837
    ],
    [
      48.761571058574674,
      2.0718574834060304
    ],
    [
      48.76218427687029,
      2.07301095234687
    ],
    [
      48.76285756229789,
      2.07429213050766
    ],
    [
      48.762979929538574,
      2.074603667032656
    ],
    [
      48.76307865402736,
      2.074800078667469
    ],
    [
      48.76577290368201,
      2.0801894273576
    ],
    [
      48.765812422974996,
      2.0805955108566
    ],
    [
      48.766194897519995,
      2.0806671342868
    ],
    [
      48.76666650313672,
      2.0807021218198862
    ],
    [
      48.770671362194776,
      2.0826351282137
    ],
    [
      48.77075464820053,
      2.0828273362333
    ],
    [
      48.77097544191475,
      2.0829347384051
    ],
    [
      48.77114928016581,
      2.0828096838131
    ],
    [
      48.77303309319921,
      2.083975455456122
    ],
    [
      48.77430961484731,
      2.089035250561199
    ],
    [
      48.77461149195838,
      2.090155036338077
    ],
    [
      48.774717158975136,
      2.09041613998939
    ],
    [
      48.77499415394156,
      2.091086238758625
    ],
    [
      48.77520435728633,
      2.091594759501409
    ],
    [
      48.775719639955604,
      2.093539925963649
    ],
    [
      48.77700970371258,
      2.0951093882661396
    ],
    [
      48.77750727589216,
      2.095533355237591
    ],
    [
      48.778690269529925,
      2.096317514097503
    ],
    [
      48.77937803279775,
      2.09638463624993
    ],
    [
      48.780928982953554,
      2.0967093464059015
    ],
    [
      48.78071677040393,
      2.0992994242089273
    ],
    [
      48.78069376326604,
      2.1053818305639482
    ],
    [
      48.781098526818866,
      2.1056818620926183
    ],
    [
      48.78433347350762,
      2.105958431126722
    ],
    [
      48.78782531010926,
      2.1056377781546898
    ],
    [
      48.78908543951321,
      2.1062684101961695
    ],
    [
      48.79048631780566,
      2.1108746251247106
    ],
    [
      48.7901841465772,
      2.114044996180374
    ],
    [
      48.78984239478373,
      2.121033772542017
    ],
    [
      48.78970687318157,
      2.125104236237693
    ],
    [
      48.7881824138691,
      2.1388148516417482
    ],
    [
      48.78750506464729,
      2.145731403716917
    ],
    [
      48.78721362430713,
      2.147806323907855
    ],
    [
      48.785212544368335,
      2.1547095063739765
    ],
    [
      48.78457355604593,
      2.1561040089998103
    ],
    [
      48.783997747830334,
      2.1573812505860985
    ],
    [
      48.78185757600538,
      2.1626165509225115
    ],
    [
      48.781238088732,
      2.1690791136367
    ],
    [
      48.78021134535653,
      2.1825437228788718
    ],
    [
      48.778847029402414,
      2.2015006953457887
    ],
    [
      48.778228829203286,
      2.210265730661809
    ],
    [
      48.776819551855,
      2.2253413973376737
    ],
    [
      48.77632038863498,
      2.2275053235512545
    ],
    [
      48.77610981638025,
      2.2288338070148987
    ],
    [
      48.77608017951704,
      2.2294637591271473
    ],
    [
      48.776152959732194,
      2.2315586514758334
    ],
    [
      48.77623730273919,
      2.2336296588954925
    ],
    [
      48.77595890830761,
      2.2368223558197027
    ],
    [
      48.77545460094966,
      2.2385043948889347
    ],
    [
      48.77051958036651,
      2.2436411541794836
    ],
    [
      48.759777983791416,
      2.2620352761884286
    ],
    [
      48.75964412539526,
      2.264326461346086
    ],
    [
      48.75947365089026,
      2.2656404194836766
    ],
    [
      48.75957910134266,
      2.267411101346635
    ],
    [
      48.760032108011785,
      2.2677191515235062
    ],
    [
      48.76019250482356,
      2.270665016162429
    ],
    [
      48.75980778087505,
      2.2704755926419438
    ],
    [
      48.7593879625284,
      2.2703100449097766
    ],
    [
      48.758557639104566,
      2.2699269531018227
    ],
    [
      48.7576727384632,
      2.269466347992544
    ],
    [
      48.757543398741994,
      2.2694816771625552
    ],
    [
      48.75748972599106,
      2.269513286650259
    ],
    [
      48.757181156944,
      2.26991561737
    ],
    [
      48.7566038025558,
      2.27137636562594
    ],
    [
      48.7552944404114,
      2.273512889524535
    ],
    [
      48.754606,
      2.274386
    ],
    [
      48.754212186855284,
      2.2739855349061258
    ],
    [
      48.752959437544774,
      2.2727234642464107
    ],
    [
      48.75283204840366,
      2.2726193177909852
    ],
    [
      48.75261855392056,
      2.272290068249991
    ],
    [
      48.75254152056794,
      2.2722094655041487
    ],
    [
      48.75232099421909,
      2.27210233441803
    ],
    [
      48.75135499,
      2.27200484
    ],
    [
      48.75127266762,
      2.2720190286641
    ],
    [
      48.75104864522818,
      2.272153114944315
    ],
    [
      48.75099824391134,
      2.2721464094218597
    ],
    [
      48.750823607377136,
      2.272130986720004
    ],
    [
      48.75013598795371,
      2.2720669886247786
    ],
    [
      48.75005314655887,
      2.271948698649555
    ],
    [
      48.74998780477824,
      2.272051333068857
    ],
    [
      48.746095999999994,
      2.269412
    ],
    [
      48.74503375650768,
      2.2680078219147632
    ],
    [
      48.74477477581689,
      2.26762330294815
    ],
    [
      48.74455728704104,
      2.267300390214195
    ],
    [
      48.74421994289,
      2.26679952703
    ],
    [
      48.744276113756,
