{
  "index": 3,
  "name": "route_3",
  "time_minutes": 48.32,
  "distance_km": 40.9,
  "coords": [
    [
      48.74173087663501,
      2.0861674425311
    ],
    [
      48.74315099999998,
      2.084413
    ],
    [
      48.74490117651652,
      2.082356829013552
    ],
    [
      48.74518387847427,
      2.082495017158481
    ],
    [
      48.745239069211365,
      2.0826788099977356
    ],
    [
      48.74540915005917,
      2.0827644258176217
    ],
    [
      48.74554977740604,
      2.082326776122523
    ],
    [
      48.749606140852556,
      2.0707407426646265
    ],
    [
      48.75082383694667,
      2.0677152384529824
    ],
    [
      48.75092088887361,
      2.06769795286025
    ],
    [
      48.751021420734425,
      2.0676257725420792
    ],
    [
      48.753786315897045,
      2.069561887119221
    ],
    [
      48.75574839528111,
      2.0711456199492915
    ],
    [
      48.75588583090495,
      2.0715703854774095
    ],
    [
      48.75607453393911,
      2.0716183019219843
    ],
    [
      48.75615525329676,
      2.0715736198881705
    ],
    [
      48.756291306676495,
      2.0710957914391064
    ],
    [
      48.75625060640036,
      2.070963260377862
    ],
    [
      48.75617123016501,
      2.0705223745279513
    ],
    [
      48.756468396829355,
      2.069368230838105
    ],
    [
      48.75666301752229,
      2.068604474928635
    ],
    [
      48.757042895226,
      2.0671137007684
    ],
    [
      48.757173970710134,
      2.066670992267111
    ],
    [
      48.75838724854114,
      2.065344847000327
    ],
    [
      48.759470068909,
      2.0657603495961
    ],
    [
      48.76096644693643,
      2.0667963755378147
    ],
    [
      48.76145536205007,
      2.067305275651471
    ],
    [
      48.76132140872336,
      2.0677650073756846
    ],
    [
      48.761014958648474,
      2.069299233044907
    ],
    [
      48.76102081776316,
      2.0695402275131167
    ],
    [
      48.76115214854503,
      2.0707326839205837
    ],
    [
      48.761571058574674,
      2.0718574834060304
    ],
    [
      48.76218427687029,
      2.07301095234687
    ],
    [
      48.76285756229789,
      2.07429213050766
    ],
    [
      48.762979929538574,
      2.074603667032656
    ],
    [
      48.76307865402736,
      2.074800078667469
    ],
    [
      48.76577290368201,
      2.0801894273576
    ],
    [
      48.765812422974996,
      2.0805955108566
    ],
    [
      48.766194897519995,
      2.0806671342868
    ],
    [
      48.76666650313672,
      2.0807021218198862
    ],
    [
      48.770671362194776,
      2.0826351282137
    ],
    [
      48.77075464820053,
      2.0828273362333
    ],
    [
      48.77097544191475,
      2.0829347384051
    ],
    [
      48.77114928016581,
      2.0828096838131
    ],
    [
      48.77303309319921,
      2.083975455456122
    ],
    [
      48.77430961484731,
      2.089035250561199
    ],
    [
      48.77461149195838,
      2.090155036338077
    ],
    [
      48.774717158975136,
      2.09041613998939
    ],
    [
      48.77499415394156,
      2.091086238758625
    ],
    [
      48.77520435728633,
      2.091594759501409
    ],
    [
      48.775719639955604,
      2.093539925963649
    ],
    [
      48.77700970371258,
      2.0951093882661396
    ],
    [
      48.77750727589216,
      2.095533355237591
    ],
    [
      48.778690269529925,
      2.096317514097503
    ],
    [
      48.77937803279775,
      2.09638463624993
    ],
    [
      48.780928982953554,
      2.0967093464059015
    ],
    [
      48.78071677040393,
      2.0992994242089273
    ],
    [
      48.78069376326604,
      2.1053818305639482
    ],
    [
      48.781098526818866,
      2.1056818620926183
    ],
    [
      48.78433347350762,
      2.105958431126722
    ],
    [
      48.78782531010926,
      2.1056377781546898
    ],
    [
      48.78908543951321,
      2.1062684101961695
    ],
    [
      48.79048631780566,
      2.1108746251247106
    ],
    [
      48.7901841465772,
      2.114044996180374
    ],
    [
      48.78984239478373,
      2.121033772542017
    ],
    [
      48.78970687318157,
      2.125104236237693
    ],
    [
      48.7881824138691,
      2.1388148516417482
    ],
    [
      48.78750506464729,
      2.145731403716917
    ],
    [
      48.78721362430713,
      2.147806323907855
    ],
    [
      48.785212544368335,
      2.1547095063739765
    ],
    [
      48.78457355604593,
      2.1561040089998103
    ],
    [
      48.783997747830334,
      2.1573812505860985
    ],
    [
      48.78185757600538,
      2.1626165509225115
    ],
    [
      48.781238088732,
      2.1690791136367
    ],
    [
      48.78021134535653,
      2.1825437228788718
    ],
    [
      48.778847029402414,
      2.2015006953457887
    ],
    [
      48.778228829203286,
      2.210265730661809
    ],
    [
      48.776819551855,
      2.2253413973376737
    ],
    [
      48.77632038863498,
      2.2275053235512545
    ],
    [
      48.77610981638025,
      2.2288338070148987
    ],
    [
      48.77608017951704,
      2.2294637591271473
    ],
    [
      48.776152959732194,
      2.2315586514758334
    ],
    [
      48.77623730273919,
      2.2336296588954925
    ],
    [
      48.77595890830761,
      2.2368223558197027
    ],
    [
      48.77545460094966,
      2.2385043948889347
    ],
    [
      48.77051958036651,
      2.2436411541794836
    ],
    [
      48.759777983791416,
      2.2620352761884286
    ],
    [
      48.75977055,
      2.27303819
    ],
    [
      48.76032071882405,
      2.2891219624177612
    ],
    [
      48.76036775593042,
      2.2922142240268064
    ],
    [
      48.7612267,
      2.29777766
    ],
    [
      48.76141102937767,
      2.2984530196434023
    ],
    [
      48.761746863165875,
      2.2999184723911523
    ],
    [
      48.7619615854968,
      2.3008554452793137
    ],
    [
      48.76222549837423,
      2.302062943481829
    ],
    [
      48.762481173109585,
      2.303120332685975
    ],
    [
      48.76252044699041,
      2.303287278000458
    ],
    [
      48.763036520673154,
      2.3054371398811337
    ],
    [
      48.7630747448878,
      2.3056091592121737
    ],
    [
      48.76347293065601,
      2.3083008714895477
    ],
    [
      48.763390036951925,
      2.3087429356596703
    ],
    [
      48.76239418,
      2.3085021
    ],
    [
      48.76181112830679,
      2.3083212634918215
    ],
    [
      48.76136899353659,
      2.3081486152848054
    ],
    [
      48.76109694783105,
      2.3080375801782993
    ],
    [
      48.76039219730901,
      2.3077635157008363
    ],
    [
      48.759855304163324,
      2.3075490358311073
    ],
    [
      48.75971129753674,
      2.307493106864777
    ],
    [
      48.759038023249914,
      2.3072170247151953
    ],
    [
      48.75858485426942,
      2.3070259668058988
    ],
    [
      48.75793781085771,
      2.3067787280287173
    ],
    [
      48.75723660935065,
      2.3064970671402985
    ],
    [
      48.75682414089784,
      2.3063483614016733
    ],
    [
      48.75633669944854,
      2.306165262446748
    ],
    [
      48.755971452200114,
      2.3059694322090154
    ],
    [
      48.75565673196997,
      2.3058571219444817
    ],
    [
      48.75513294466635,
      2.3057150013468646
    ],
    [
      48.75478498702882,
      2.305591616223547
    ],
    [
      48.75343664419117,
      2.305045137612686
    ],
    [
      48.75238245049817,
      2.3046364578746794
    ],
    [
      48.751399213164824,
      2.3044659686785636
    ],
    [
      48.75074896781742,
      2.3044072089549257
    ],
    [
      48.749799676683224,
      2.3042493033790397
    ],
    [
      48.74970561851369,
      2.304232362268449
    ],
    [
      48.74881861699774,
      2.304010023551254
    ],
    [
      48.74758372858837,
      2.3037906289549257
    ],
    [
      48.74747555326187,
      2.303769354477463
    ],
    [
