{
  "index": 2,
  "name": "route_2",
  "time_minutes": 34.28,
  "distance_km": 20.85,
  "coords": [
    [
      48.65878602,
      2.23522776
    ],
    [
      48.65973239,
      2.23475609
    ],
    [
      48.66005210835585,
      2.2356915643585964
    ],
    [
      48.66046336353771,
      2.2363303196877915
    ],
    [
      48.66070092807443,
      2.236459996398541
    ],
    [
      48.660887002224,
      2.2351392262139
    ],
    [
      48.66102135422,
      2.2350553862888
    ],
    [
      48.660907316864,
      2.2348427674463
    ],
    [
      48.660882434935104,
      2.2345525962258046
    ],
    [
      48.66089511841905,
      2.234323738880662
    ],
    [
      48.661061830624575,
      2.2324732393028266
    ],
    [
      48.66107692794378,
      2.23229979441803
    ],
    [
      48.661099237935154,
      2.2320729876721193
    ],
    [
      48.66120076394701,
      2.230850209940567
    ],
    [
      48.661287793632994,
      2.230429142713761
    ],
    [
      48.66161622735748,
      2.229578018282757
    ],
    [
      48.66174047513674,
      2.228314641401672
    ],
    [
      48.66152931913008,
      2.226986072516958
    ],
    [
      48.66104396744688,
      2.2247231505964478
    ],
    [
      48.6609753207931,
      2.2244004543791096
    ],
    [
      48.662706720812174,
      2.2183967909771822
    ],
    [
      48.663440571286465,
      2.216851395793267
    ],
    [
      48.66377246900895,
      2.2162139819664244
    ],
    [
      48.664120732037645,
      2.2156286314257874
    ],
    [
      48.66440930908259,
      2.2155205547509254
    ],
    [
      48.66456148396114,
      2.215179541768391
    ],
    [
      48.664486621223276,
      2.214659750465913
    ],
    [
      48.66466869982186,
      2.2135771440967487
    ],
    [
      48.66484521771217,
      2.213014252963399
    ],
    [
      48.6651847309813,
      2.2118869398158605
    ],
    [
      48.66621753582057,
      2.2085267290824704
    ],
    [
      48.666939669576436,
      2.205115407705479
    ],
    [
      48.667560714190245,
      2.199843747492151
    ],
    [
      48.66769298969046,
      2.19826768942186
    ],
    [
      48.667807237272285,
      2.1973715425139
    ],
    [
      48.6678113950398,
      2.1970523081630975
    ],
    [
      48.66784432705885,
      2.196927028210265
    ],
    [
      48.66856745160063,
      2.1963680951174833
    ],
    [
      48.66937716368255,
      2.195956044156958
    ],
    [
      48.66981279407926,
      2.1957343553054254
    ],
    [
      48.6701132,
      2.19558148
    ],
    [
      48.67029145,
      2.19549527
    ],
    [
      48.67171173107601,
      2.1947917532057772
    ],
    [
      48.67269845947937,
      2.1945864302597258
    ],
    [
      48.67374993427307,
      2.1948661783758823
    ],
    [
      48.673910384144456,
      2.195053553230854
    ],
    [
      48.67519122446532,
      2.1946149900048266
    ],
    [
      48.67563492346964,
      2.19435485730606
    ],
    [
      48.67587496870001,
      2.1944774326276373
    ],
    [
      48.67632925655284,
      2.1941206988286366
    ],
    [
      48.676294720193,
      2.192913704772
    ],
    [
      48.67680769000302,
      2.1922295385636144
    ],
    [
      48.678675482271,
      2.1912347972389
    ],
    [
      48.681798570368,
      2.1896467059851
    ],
    [
      48.68359954119309,
      2.1887698471546564
    ],
    [
      48.68443264756686,
      2.188622911184781
    ],
    [
      48.684607183382305,
      2.188637768627809
    ],
    [
      48.68469018940505,
      2.1884974231210363
    ],
    [
      48.684787809168505,
      2.18832274677983
    ],
    [
      48.68492572547372,
      2.188156946213956
    ],
    [
      48.68532149378867,
      2.1878952772807474
    ],
    [
      48.68595177708576,
      2.1875142166051633
    ],
    [
      48.68623419,
      2.1872328
    ],
    [
      48.6864918,
      2.18630394
    ],
    [
      48.68652404,
      2.18614818
    ],
    [
      48.68664186999343,
      2.1855083043700856
    ],
    [
      48.68703492,
      2.18459874
    ],
    [
      48.6873598,
      2.1843225
    ],
    [
      48.68812834,
      2.18319035
    ],
    [
      48.68859702781815,
      2.1819554957247544
    ],
    [
      48.68992215262382,
      2.1814316319465505
    ],
    [
      48.691789022358,
      2.1811195015907
    ],
    [
      48.692553009395404,
      2.181119501590985
    ],
    [
      48.69419799999999,
      2.182497
    ],
    [
      48.696522094555,
      2.1846245210548
    ],
    [
      48.69654716528,
      2.1848283066021
    ],
    [
      48.696625823829,
      2.1848534023863
    ],
    [
      48.696693910252,
      2.1847734687871
    ],
    [
      48.69754571858545,
      2.1860581822349454
    ],
    [
      48.69801390332585,
      2.186787124299163
    ],
    [
      48.69836759627694,
      2.187326196546809
    ],
    [
      48.698624107171185,
      2.1876294016835036
    ],
    [
      48.698958798698,
      2.1878394699661
    ],
    [
      48.69902375,
      2.1878723
    ],
    [
      48.700312974299045,
      2.1882030048176766
    ],
    [
      48.70070256,
      2.18819902
    ],
    [
      48.70081141,
      2.18600753
    ],
    [
      48.70213308,
      2.18631877
    ],
    [
      48.703457259859206,
      2.186419177909851
    ],
    [
      48.70346006,
      2.18652889
    ],
    [
      48.70346118,
      2.18661962
    ],
    [
      48.70370232,
      2.18889546
    ],
    [
      48.7046451754803,
      2.190799577886682
    ],
    [
      48.704899836547995,
      2.1910658212514633
    ],
    [
      48.70519389649086,
      2.190945493766033
    ],
    [
      48.70566962408,
      2.1902441412295
    ],
    [
      48.70640814,
      2.18933495
    ],
    [
      48.70706882488399,
      2.18872315274908
    ],
    [
      48.70720243866155,
      2.188893402574763
    ],
    [
      48.70729863738476,
      2.188784163611082
    ],
    [
      48.70719762263967,
      2.188532267406706
    ],
    [
      48.70853544485991,
      2.1874444901657446
    ],
    [
      48.70879313,
      2.18731948
    ],
    [
      48.70919797,
      2.18712467
    ],
    [
      48.71072910931147,
      2.186356722090149
    ],
    [
      48.71151015316866,
      2.184532734513489
    ],
    [
      48.71165211182519,
      2.1839231356302586
    ],
    [
      48.71191730734448,
      2.1827843283853148
    ],
    [
      48.71319122997982,
      2.1786855966486818
    ],
    [
      48.713697550808035,
      2.1770777091257107
    ],
    [
      48.71413314906675,
      2.174026992288327
    ],
    [
      48.71415812636428,
      2.1738870176123144
    ],
    [
      48.71411255494,
      2.173821260653061
    ],
    [
      48.71408292562701,
      2.172824351422807
    ],
    [
      48.714309629818004,
      2.172229807318833
    ],
    [
      48.71440944659581,
      2.1721900089907256
    ],
    [
      48.714295548762024,
      2.1718065560722137
    ],
    [
      48.714147124584,
      2.171385177665
    ],
    [
      48.71407820889183,
      2.171279208619465
    ],
    [
      48.713957808265654,
      2.171104561059895
    ],
    [
      48.713674257302365,
      2.1706112991604223
    ],
    [
      48.71362422204404,
      2.1692889118194802
    ],
    [
      48.71365920651328,
      2.166470366358914
    ],
    [
      48.71367443936032,
      2.1631887641999827
    ],
    [
      48.71371000714789,
      2.161862562005995
    ],
    [
      48.71367226978242,
      2.159142748672488
    ],
    [
      48.711918166721624,
      2.158965402446747
    ],
    [
      48.71066835083843,
      2.1590067335516356
    ],
    [
      48.71042473751485,
      2.1568522900340787
    ],
    [
      48.7104614994487,
      2.1549679373573225
    ],
    [
      48.71051057738645,
      2.1536846011875523
    ],
    [
      48.71097649949539,
