{
  "index": 1,
  "name": "route_1",
  "time_minutes": 31.37,
  "distance_km": 22.14,
  "coords": [
    [
      48.65838792690219,
      2.2362450011639408
    ],
    [
      48.65878602,
      2.23522776
    ],
    [
      48.65973239,
      2.23475609
    ],
    [
      48.66005210835585,
      2.2356915643585964
    ],
    [
      48.66046336353771,
      2.2363303196877915
    ],
    [
      48.66070092807443,
      2.236459996398541
    ],
    [
      48.660887002224,
      2.2351392262139
    ],
    [
      48.66102135422,
      2.2350553862888
    ],
    [
      48.660907316864,
      2.2348427674463
    ],
    [
      48.660882434935104,
      2.2345525962258046
    ],
    [
      48.66089511841905,
      2.234323738880662
    ],
    [
      48.661061830624575,
      2.2324732393028266
    ],
    [
      48.66107692794378,
      2.23229979441803
    ],
    [
      48.661099237935154,
      2.2320729876721193
    ],
    [
      48.66120076394701,
      2.230850209940567
    ],
    [
      48.661287793632994,
      2.230429142713761
    ],
    [
      48.66161622735748,
      2.229578018282757
    ],
    [
      48.66174047513674,
      2.228314641401672
    ],
    [
      48.66152931913008,
      2.226986072516958
    ],
    [
      48.66104396744688,
      2.2247231505964478
    ],
    [
      48.6609753207931,
      2.2244004543791096
    ],
    [
      48.662706720812174,
      2.2183967909771822
    ],
    [
      48.663440571286465,
      2.216851395793267
    ],
    [
      48.66377246900895,
      2.2162139819664244
    ],
    [
      48.664120732037645,
      2.2156286314257874
    ],
    [
      48.66440930908259,
      2.2155205547509254
    ],
    [
      48.66456148396114,
      2.215179541768391
    ],
    [
      48.664486621223276,
      2.214659750465913
    ],
    [
      48.66466869982186,
      2.2135771440967487
    ],
    [
      48.66484521771217,
      2.213014252963399
    ],
    [
      48.6651847309813,
      2.2118869398158605
    ],
    [
      48.66621753582057,
      2.2085267290824704
    ],
    [
      48.666939669576436,
      2.205115407705479
    ],
    [
      48.667560714190245,
      2.199843747492151
    ],
    [
      48.66769298969046,
      2.19826768942186
    ],
    [
      48.667807237272285,
      2.1973715425139
    ],
    [
      48.6678113950398,
      2.1970523081630975
    ],
    [
      48.66784432705885,
      2.196927028210265
    ],
    [
      48.66856745160063,
      2.1963680951174833
    ],
    [
      48.66937716368255,
      2.195956044156958
    ],
    [
      48.66981279407926,
      2.1957343553054254
    ],
    [
      48.6701132,
      2.19558148
    ],
    [
      48.67029145,
      2.19549527
    ],
    [
      48.67171173107601,
      2.1947917532057772
    ],
    [
      48.67269845947937,
      2.1945864302597258
    ],
    [
      48.67374993427307,
      2.1948661783758823
    ],
    [
      48.673910384144456,
      2.195053553230854
    ],
    [
      48.67407070198052,
      2.1949237299169937
    ],
    [
      48.674093553842866,
      2.1948342171513464
    ],
    [
      48.67403385103526,
      2.194576146841742
    ],
    [
      48.673980852849596,
      2.1939146967505887
    ],
    [
      48.67395170777288,
      2.1933925870155657
    ],
    [
      48.67392099429552,
      2.1920152633970873
    ],
    [
      48.674012727637795,
      2.1916200836338433
    ],
    [
      48.67504726948726,
      2.1898991673736408
    ],
    [
      48.67531757740607,
      2.1898581545963287
    ],
    [
      48.67545012415442,
      2.189695801706692
    ],
    [
      48.67509786048472,
      2.1854624126398337
    ],
    [
      48.67514493756489,
      2.178931953911215
    ],
    [
      48.67475432220812,
      2.171454754873532
    ],
    [
      48.67488444566298,
      2.1704236693866434
    ],
    [
      48.67488767360867,
      2.16979408195335
    ],
    [
      48.67498968370179,
      2.1680622748558167
    ],
    [
      48.67532159215068,
      2.1675241957339892
    ],
    [
      48.67530254780279,
      2.167174894268915
    ],
    [
      48.67496485006325,
      2.16673648138525
    ],
    [
      48.67470745,
      2.16412992
    ],
    [
      48.67445683426001,
      2.16292091465006
    ],
    [
      48.67437508017641,
      2.161369667236718
    ],
    [
      48.67342955558758,
      2.1561131477356583
    ],
    [
      48.67288490965996,
      2.153366565704455
    ],
    [
      48.672416583353915,
      2.1519502105772
    ],
    [
      48.67235717802316,
      2.1516558218590527
    ],
    [
      48.67223632687544,
      2.1515995885380192
    ],
    [
      48.67176082939537,
      2.150763772952394
    ],
    [
      48.67075761563594,
      2.1490890100899627
    ],
    [
      48.67001634224497,
      2.1433253392788356
    ],
    [
      48.67137780003942,
      2.13987450611244
    ],
    [
      48.67240584927333,
      2.138229936436872
    ],
    [
      48.67276138191658,
      2.1373569726781283
    ],
    [
      48.67302415233078,
      2.1371149655883896
    ],
    [
      48.67309560475217,
      2.136699269003073
    ],
    [
      48.67361577628731,
      2.1361535028031082
    ],
    [
      48.67385482757336,
      2.135903979865902
    ],
    [
      48.675639142724116,
      2.1327851752549645
    ],
    [
      48.676075589992436,
      2.132592467340848
    ],
    [
      48.67629084270067,
      2.1326681184481195
    ],
    [
      48.676694713347686,
      2.132262033344941
    ],
    [
      48.67673330718053,
      2.131962407587485
    ],
    [
      48.67702814978187,
      2.1311652794474267
    ],
    [
      48.677308546668364,
      2.1308694364740544
    ],
    [
      48.67749433194573,
      2.130758942612434
    ],
    [
      48.67761939638123,
      2.1308179593188776
    ],
    [
      48.67765314605324,
      2.130598881727293
    ],
    [
      48.679937604628236,
      2.1290801245308546
    ],
    [
      48.68007291931669,
      2.1290328022385627
    ],
    [
      48.682969939236585,
      2.1264067485646785
    ],
    [
      48.68340251583436,
      2.1264004955552567
    ],
    [
      48.68347589894424,
      2.1264634378646456
    ],
    [
      48.684028855263186,
      2.1267433077502047
    ],
    [
      48.684840648607,
      2.1268685352593
    ],
    [
      48.686811373759,
      2.127870261669
    ],
    [
      48.687693187691,
      2.1274826824663
    ],
    [
      48.6882860392976,
      2.127156072492371
    ],
    [
      48.68886099916,
      2.1264041646118
    ],
    [
      48.689442655686,
      2.1256571694011
    ],
    [
      48.689851670406,
      2.1250952466125
    ],
    [
      48.69006703502601,
      2.1248918814785
    ],
    [
      48.690195911016005,
      2.1249067227957
    ],
    [
      48.691215576232715,
      2.125909165713529
    ],
    [
      48.69493241638212,
      2.122229276966112
    ],
    [
      48.69489764374943,
      2.1237821376969714
    ],
    [
      48.694776791172245,
      2.124493996295166
    ],
    [
      48.694659472548466,
      2.1256364740866123
    ],
    [
      48.69458210218356,
      2.12660768613637
    ],
    [
      48.69460383598565,
      2.127231910824554
    ],
    [
      48.695702285498,
      2.1284635514021
    ],
    [
      48.695857697802964,
      2.1292802097419634
    ],
    [
      48.69634758,
      2.13010292
    ],
    [
      48.696444584143,
      2.1304692405948
    ],
    [
      48.69648768,
      2.13072154
    ],
    [
      48.69653437,
      2.1309834
    ],
    [
      48.697154003691,
      2.131785467267
    ],
    [
      48.697232699503,
      2.13174986246
    ],
    [
      48.697415824241,
      2.131799933651
    ],
    [
      48.69738934938,
      2.1315439388909
    ],
    [
      48.69737546661897,
      2.130541981096432
    ],
    [
      48.69735010443718,
      2.129983618174601
    ],
    [
      48.69742676866304,
      2.1291211020916454
    ],
    [
