{
  "index": 3,
  "name": "route_3",
  "time_minutes": 31.15,
  "distance_km": 22.2,
  "coords": [
    [
      48.65878602,
      2.23522776
    ],
    [
      48.65973239,
      2.23475609
    ],
    [
      48.66005210835585,
      2.2356915643585964
    ],
    [
      48.66046336353771,
      2.2363303196877915
    ],
    [
      48.66070092807443,
      2.236459996398541
    ],
    [
      48.660887002224,
      2.2351392262139
    ],
    [
      48.66102135422,
      2.2350553862888
    ],
    [
      48.660907316864,
      2.2348427674463
    ],
    [
      48.660882434935104,
      2.2345525962258046
    ],
    [
      48.66089511841905,
      2.234323738880662
    ],
    [
      48.661061830624575,
      2.2324732393028266
    ],
    [
      48.66107692794378,
      2.23229979441803
    ],
    [
      48.661099237935154,
      2.2320729876721193
    ],
    [
      48.66120076394701,
      2.230850209940567
    ],
    [
      48.661287793632994,
      2.230429142713761
    ],
    [
      48.66161622735748,
      2.229578018282757
    ],
    [
      48.66174047513674,
      2.228314641401672
    ],
    [
      48.66152931913008,
      2.226986072516958
    ],
    [
      48.66104396744688,
      2.2247231505964478
    ],
    [
      48.6609753207931,
      2.2244004543791096
    ],
    [
      48.662706720812174,
      2.2183967909771822
    ],
    [
      48.663440571286465,
      2.216851395793267
    ],
    [
      48.66377246900895,
      2.2162139819664244
    ],
    [
      48.664120732037645,
      2.2156286314257874
    ],
    [
      48.66440930908259,
      2.2155205547509254
    ],
    [
      48.66456148396114,
      2.215179541768391
    ],
    [
      48.664486621223276,
      2.214659750465913
    ],
    [
      48.66466869982186,
      2.2135771440967487
    ],
    [
      48.66484521771217,
      2.213014252963399
    ],
    [
      48.6651847309813,
      2.2118869398158605
    ],
    [
      48.66621753582057,
      2.2085267290824704
    ],
    [
      48.666939669576436,
      2.205115407705479
    ],
    [
      48.667560714190245,
      2.199843747492151
    ],
    [
      48.66769298969046,
      2.19826768942186
    ],
    [
      48.667807237272285,
      2.1973715425139
    ],
    [
      48.6678113950398,
      2.1970523081630975
    ],
    [
      48.66784432705885,
      2.196927028210265
    ],
    [
      48.66856745160063,
      2.1963680951174833
    ],
    [
      48.66937716368255,
      2.195956044156958
    ],
    [
      48.66981279407926,
      2.1957343553054254
    ],
    [
      48.6701132,
      2.19558148
    ],
    [
      48.67029145,
      2.19549527
    ],
    [
      48.67171173107601,
      2.1947917532057772
    ],
    [
      48.67269845947937,
      2.1945864302597258
    ],
    [
      48.67374993427307,
      2.1948661783758823
    ],
    [
      48.673910384144456,
      2.195053553230854
    ],
    [
      48.67407070198052,
      2.1949237299169937
    ],
    [
      48.674093553842866,
      2.1948342171513464
    ],
    [
      48.67631029917075,
      2.1934040489594917
    ],
    [
      48.67794711704833,
      2.19272211217497
    ],
    [
      48.680346029524145,
      2.1909635481490133
    ],
    [
      48.68886255182115,
      2.191164542184294
    ],
    [
      48.69396058875544,
      2.192694373016504
    ],
    [
      48.694558611979794,
      2.1926726208667753
    ],
    [
      48.700172706273555,
      2.1926776718238536
    ],
    [
      48.70076305831454,
      2.1928683772283417
    ],
    [
      48.70051092277314,
      2.1939104625453
    ],
    [
      48.70048382494421,
      2.1938632434764
    ],
    [
      48.700461316468974,
      2.191795959995
    ],
    [
      48.70048719452399,
      2.1917587779517
    ],
    [
      48.70075738133628,
      2.1926445889549258
    ],
    [
      48.69729503647716,
      2.192217829122864
    ],
    [
      48.69523768898233,
      2.192400917411776
    ],
    [
      48.694657571906546,
      2.1923759697622676
    ],
    [
      48.69324621933027,
      2.189411332723229
    ],
    [
      48.69210060989882,
      2.1813965591855626
    ],
    [
      48.69202732081367,
      2.180751717052608
    ],
    [
      48.69236974433728,
      2.175977202525524
    ],
    [
      48.69243202973495,
      2.175610204855149
    ],
    [
      48.69304072,
      2.16987226
    ],
    [
      48.69295811805305,
      2.167968664398822
    ],
    [
      48.69325869,
      2.16679548
    ],
    [
      48.693720862449716,
      2.1662859616644687
    ],
    [
      48.69407897599149,
      2.165824395828198
    ],
    [
      48.6944231532633,
      2.165558498692893
    ],
    [
      48.694488000464496,
      2.1655613055064196
    ],
    [
      48.694639740698946,
      2.16535908785191
    ],
    [
      48.69454090531707,
      2.165028530280345
    ],
    [
      48.69452832621747,
      2.1648004748687897
    ],
    [
      48.69459891006385,
      2.1640405785369152
    ],
    [
      48.69499368868487,
      2.1635115656414157
    ],
    [
      48.695070328470734,
      2.1626089106157744
    ],
    [
      48.695435510000024,
      2.16218547
    ],
    [
      48.69616526346707,
      2.162574563436211
    ],
    [
      48.696884810744095,
      2.1622092690143586
    ],
    [
      48.69659323182922,
      2.160353596794578
    ],
    [
      48.69686196887696,
      2.159300246244663
    ],
    [
      48.69692655455954,
      2.159120923519562
    ],
    [
      48.69701594534914,
      2.1590206061429975
    ],
    [
      48.696916381461826,
      2.1589862379034472
    ],
    [
      48.69631481,
      2.1579616
    ],
    [
      48.69635602,
      2.15722298
    ],
    [
      48.69646872797375,
      2.1558992767097696
    ],
    [
      48.69649282689526,
      2.1555276637511183
    ],
    [
      48.69750544556096,
      2.1473115443324717
    ],
    [
      48.69753193005193,
      2.1468322852845603
    ],
    [
      48.6975420381033,
      2.146691267145917
    ],
    [
      48.69759091931687,
      2.146375954450477
    ],
    [
      48.69772138748173,
      2.1449529529458466
    ],
    [
      48.69821914,
      2.14125413
    ],
    [
      48.698566954209,
      2.1397773534256
    ],
    [
      48.698607239224,
      2.1395385674377
    ],
    [
      48.69873512,
      2.13841344
    ],
    [
      48.69928035,
      2.13661637
    ],
    [
      48.70078848948618,
      2.135859713765185
    ],
    [
      48.701165028879,
      2.1356977395062
    ],
    [
      48.70215382999639,
      2.135378018011406
    ],
    [
      48.702336447111286,
      2.1352730705538514
    ],
    [
      48.70239964313268,
      2.1353063168018793
    ],
    [
      48.702428495669096,
      2.1351589002833085
    ],
    [
      48.70255330590737,
      2.132499875808234
    ],
    [
      48.702378072376,
      2.1316520273689
    ],
    [
      48.70258105537104,
      2.1312404393823985
    ],
    [
      48.702831976576434,
      2.1306946098478785
    ],
    [
      48.703561422985,
      2.1285004317761
    ],
    [
      48.70370400000001,
      2.127875
    ],
    [
      48.70402365504977,
      2.1266719225552912
    ],
    [
      48.704119511629855,
      2.126652452869766
    ],
    [
      48.704899940760725,
      2.126592198013611
    ],
    [
      48.70505306472198,
      2.1265004093439455
    ],
    [
      48.70618295378765,
      2.125553849576879
    ],
    [
      48.70672483757566,
      2.124823088193874
    ],
    [
      48.706761315995884,
      2.1244339859427854
    ],
    [
      48.70687958977992,
      2.124064786566392
    ],
    [
      48.706940919144564,
      2.123845059075015
    ],
    [
      48.707002379453456,
      2.1235942043685094
    ],
    [
      48.707506619265175,
      2.1227707803767917
    ],
    [
      48.70866620430925,
      2.1213837055225375
    ],
    [
      48.70914291266667,
      2.1204133150141
    ],
    [
