{
  "index": 0,
  "name": "route_0",
  "time_minutes": 36.53,
  "distance_km": 21.37,
  "coords": [
    [
      48.74104441582053,
      2.092714179124551
    ],
    [
      48.74206991904457,
      2.0933062784347993
    ],
    [
      48.74043255405171,
      2.0965547447831856
    ],
    [
      48.74025995878152,
      2.0965198476249154
    ],
    [
      48.7400934625438,
      2.096705765054186
    ],
    [
      48.740063706462045,
      2.0968319966121967
    ],
    [
      48.73920033130977,
      2.0974491004218128
    ],
    [
      48.73658693446687,
      2.096982338640609
    ],
    [
      48.73533939710542,
      2.0969311404329036
    ],
    [
      48.73523080031378,
      2.096979713844195
    ],
    [
      48.7348676807871,
      2.0972436689833143
    ],
    [
      48.734479901857,
      2.097652125921
    ],
    [
      48.73367734472203,
      2.0997207475430106
    ],
    [
      48.73303890579663,
      2.1017461302654006
    ],
    [
      48.732870627352064,
      2.102600723504979
    ],
    [
      48.73286735724887,
      2.1036352989686984
    ],
    [
      48.73188267249143,
      2.102262643926273
    ],
    [
      48.73267594158882,
      2.09442350274444
    ],
    [
      48.733409257741556,
      2.092894289635936
    ],
    [
      48.73340047998197,
      2.0927686222684483
    ],
    [
      48.73281357429777,
      2.092261172429059
    ],
    [
      48.73155973,
      2.09185692
    ],
    [
      48.73126334,
      2.0918985
    ],
    [
      48.73051201081115,
      2.0940712215576527
    ],
    [
      48.728633564206675,
      2.0992655221495817
    ],
    [
      48.721793547965156,
      2.109896696804188
    ],
    [
      48.72159753,
      2.11019682
    ],
    [
      48.71785261353768,
      2.116272285445184
    ],
    [
      48.71719732501524,
      2.1171429727487014
    ],
    [
      48.716124163614566,
      2.1183016588954926
    ],
    [
      48.71356935830232,
      2.118743036792156
    ],
    [
      48.711553247314185,
      2.120005058783716
    ],
    [
      48.7102601907324,
      2.120186304021432
    ],
    [
      48.71018759097759,
      2.1201964800504154
    ],
    [
      48.71001556636876,
      2.120212728836059
    ],
    [
      48.70921020451013,
      2.1202860149258
    ],
    [
      48.70914720728704,
      2.1202338801058
    ],
    [
      48.70909517511343,
      2.1203342638707
    ],
    [
      48.70914291266667,
      2.1204133150141
    ],
    [
      48.70866620430925,
      2.1213837055225375
    ],
    [
      48.707506619265175,
      2.1227707803767917
    ],
    [
      48.707002379453456,
      2.1235942043685094
    ],
    [
      48.706811025041915,
      2.12380609872931
    ],
    [
      48.706748074062816,
      2.1240126933053767
    ],
    [
      48.70671081623874,
      2.124275553621941
    ],
    [
      48.70669051496113,
      2.1247719442785598
    ],
    [
      48.70616095892472,
      2.1255086637978287
    ],
    [
      48.705482456957384,
      2.1261331653536404
    ],
    [
      48.7050398903715,
      2.1264511095715837
    ],
    [
      48.704888595102,
      2.1265448844374
    ],
    [
      48.70449032316653,
      2.1265931641997664
    ],
    [
      48.70412808612584,
      2.126516112968725
    ],
    [
      48.704070092817474,
      2.126462027064249
    ],
    [
      48.703998258263084,
      2.1265200207432726
    ],
    [
      48.7033972298571,
      2.126108069940567
    ],
    [
      48.703003232759976,
      2.125737860712267
    ],
    [
      48.70249919122325,
      2.125264255284805
    ],
    [
      48.70084626953477,
      2.124862516787724
    ],
    [
      48.70057523887801,
      2.1246571803069
    ],
    [
      48.700437178146,
      2.1247011598975
    ],
    [
      48.69947852,
      2.12403375
    ],
    [
      48.69835255956865,
      2.124824224273497
    ],
    [
      48.69822023024211,
      2.1248817851702815
    ],
    [
      48.69822307925113,
      2.125091125091687
    ],
    [
      48.69834858941679,
      2.125145331776686
    ],
    [
      48.697502796897915,
      2.1288197805656535
    ],
    [
      48.69742676866304,
      2.1291211020916454
    ],
    [
      48.69735010443718,
      2.129983618174601
    ],
    [
      48.69737546661897,
      2.130541981096432
    ],
    [
      48.69738934938,
      2.1315439388909
    ],
    [
      48.697232699503,
      2.13174986246
    ],
    [
      48.697154003691,
      2.131785467267
    ],
    [
      48.69653437,
      2.1309834
    ],
    [
      48.69648768,
      2.13072154
    ],
    [
      48.696444584143,
      2.1304692405948
    ],
    [
      48.69634758,
      2.13010292
    ],
    [
      48.695857697802964,
      2.1292802097419634
    ],
    [
      48.695702285498,
      2.1284635514021
    ],
    [
      48.69460383598565,
      2.127231910824554
    ],
    [
      48.69458210218356,
      2.12660768613637
    ],
    [
      48.694659472548466,
      2.1256364740866123
    ],
    [
      48.694776791172245,
      2.124493996295166
    ],
    [
      48.69489764374943,
      2.1237821376969714
    ],
    [
      48.69493241638212,
      2.122229276966112
    ],
    [
      48.691215576232715,
      2.125909165713529
    ],
    [
      48.690195911016005,
      2.1249067227957
    ],
    [
      48.690186509525006,
      2.1247136008967
    ],
    [
      48.69006703502601,
      2.1248918814785
    ],
    [
      48.689851670406,
      2.1250952466125
    ],
    [
      48.689442655686,
      2.1256571694011
    ],
    [
      48.68886099916,
      2.1264041646118
    ],
    [
      48.6882860392976,
      2.127156072492371
    ],
    [
      48.687693187691,
      2.1274826824663
    ],
    [
      48.686811373759,
      2.127870261669
    ],
    [
      48.684840648607,
      2.1268685352593
    ],
    [
      48.684028855263186,
      2.1267433077502047
    ],
    [
      48.68367966823598,
      2.126225028258035
    ],
    [
      48.68366994921683,
      2.1261406020904716
    ],
    [
      48.68344054971866,
      2.1260064517439865
    ],
    [
      48.6833787596564,
      2.1260933819236345
    ],
    [
      48.682969939236585,
      2.1264067485646785
    ],
    [
      48.68007291931669,
      2.1290328022385627
    ],
    [
      48.679937604628236,
      2.1290801245308546
    ],
    [
      48.67765314605324,
      2.130598881727293
    ],
    [
      48.67749433194573,
      2.130758942612434
    ],
    [
      48.677308546668364,
      2.1308694364740544
    ],
    [
      48.67702814978187,
      2.1311652794474267
    ],
    [
      48.676429337899336,
      2.131338396055566
    ],
    [
      48.67627571389395,
      2.1313011050672133
    ],
    [
      48.675864209808324,
      2.131726391795183
    ],
    [
      48.67583305738696,
      2.1320535185309892
    ],
    [
      48.675639142724116,
      2.1327851752549645
    ],
    [
      48.67385482757336,
      2.135903979865902
    ],
    [
      48.67361577628731,
      2.1361535028031082
    ],
    [
      48.67298083640329,
      2.136342410816749
    ],
    [
      48.672627987563914,
      2.136182144062515
    ],
    [
      48.67236459042615,
      2.1364659668557753
    ],
    [
      48.67245397870172,
      2.1372270657464534
    ],
    [
      48.67208099283987,
      2.138572996715908
    ],
    [
      48.67137780003942,
      2.13987450611244
    ],
    [
      48.67001634224497,
      2.1433253392788356
    ],
    [
      48.67075761563594,
      2.1490890100899627
    ],
    [
      48.671673238972296,
      2.1508797224433507
    ],
    [
      48.67208016385615,
      2.151782187776666
    ],
    [
      48.67216431702012,
      2.152103483959494
    ],
    [
      48.67227283632502,
      2.152132814661893
    ],
    [
      48.67342955558758,
      2.1561131477356583
    ],
    [
      48.67437508017641,
      2.161369667236718
    ],
    [
      48.67445683426001,
      2.16292091465006
    ],
